Frame,YOLO_ms,Lane_ms,BEV_ms,Total_ms,FPS
1,2090.84,68.75,17.58,2328.02,0.43
2,16.9,29.66,1.2,48.36,20.68
3,19.57,32.17,1.76,54.24,18.44
4,18.15,29.75,1.56,50.2,19.92
5,17.39,26.99,1.14,46.12,21.68
6,19.66,27.41,1.48,49.25,20.3
7,17.33,30.97,1.37,50.39,19.85
8,18.71,32.43,2.39,54.61,18.31
9,17.37,27.99,1.13,47.09,21.24
10,18.13,26.83,1.21,46.77,21.38
11,17.9,30.77,1.77,51.23,19.52
12,19.27,27.99,1.86,49.94,20.02
13,16.57,27.16,1.39,45.77,21.85
14,19.6,29.49,1.91,51.81,19.3
15,17.67,29.39,1.97,49.92,20.03
16,18.88,28.33,1.88,49.9,20.04
17,16.33,26.15,1.88,45.16,22.14
18,19.1,27.12,1.68,48.64,20.56
19,16.68,28.2,1.66,47.3,21.14
20,17.68,27.74,1.72,47.88,20.89
21,16.33,26.55,1.62,45.24,22.11
22,19.32,28.23,1.69,49.99,20.0
23,20.84,37.93,1.67,61.17,16.35
24,18.52,28.69,2.03,50.07,19.97
25,16.7,28.76,1.66,47.85,20.9
26,18.38,28.1,1.91,49.21,20.32
27,17.08,28.79,1.67,48.28,20.71
28,18.76,28.17,2.01,49.77,20.09
29,16.78,31.94,2.27,51.98,19.24
30,16.73,29.48,1.75,48.77,20.5
31,17.58,29.65,1.64,49.62,20.15
32,20.33,45.23,2.79,69.48,14.39
33,16.57,28.68,1.56,47.51,21.05
34,19.06,27.36,1.99,49.24,20.31
35,16.86,30.06,1.42,49.0,20.41
36,17.21,28.4,1.39,47.65,20.99
37,20.83,37.62,1.48,60.66,16.48
38,19.65,27.69,1.55,49.54,20.19
39,16.6,30.66,1.47,49.38,20.25
40,18.95,29.77,1.66,51.06,19.59
41,16.83,28.33,1.53,47.37,21.11
42,23.37,30.87,1.82,56.89,17.58
43,18.17,31.44,1.75,52.11,19.19
44,21.01,30.45,1.81,54.06,18.5
45,18.11,28.1,1.79,48.79,20.49
46,21.44,27.29,1.87,51.49,19.42
47,16.8,30.49,2.01,50.15,19.94
48,17.71,31.0,1.48,50.88,19.65
49,17.25,29.53,1.8,49.33,20.27
50,18.27,28.86,1.22,48.94,20.43
51,22.11,38.33,1.66,62.89,15.9
52,21.66,27.05,1.4,50.76,19.7
53,16.66,27.39,1.3,45.93,21.77
54,25.81,26.55,1.68,54.86,18.23
55,17.08,31.09,1.55,50.42,19.83
56,18.42,38.48,1.66,59.69,16.75
57,17.03,31.32,1.39,50.33,19.87
58,18.41,28.34,1.29,48.64,20.56
59,16.61,29.0,1.02,47.16,21.2
60,17.86,28.88,1.27,48.62,20.57
61,16.47,27.05,1.35,45.53,21.97
62,19.29,28.5,1.63,50.15,19.94
63,16.72,29.39,1.42,48.19,20.75
64,18.98,29.15,1.81,50.75,19.7
65,17.7,37.45,2.04,58.01,17.24
66,18.85,27.84,1.85,49.36,20.26
67,16.51,29.52,1.23,47.84,20.9
68,17.87,28.86,1.94,49.49,20.21
69,17.07,27.18,1.67,46.72,21.4
70,20.52,28.46,1.86,51.81,19.3
71,17.16,29.04,1.56,48.52,20.61
72,17.88,29.01,1.53,49.16,20.34
73,17.19,27.75,1.35,46.94,21.3
74,18.56,28.17,2.0,49.63,20.15
75,17.53,30.14,2.12,50.75,19.7
76,18.04,29.07,2.38,50.47,19.81
77,17.38,28.87,1.96,49.11,20.36
78,19.69,28.15,1.71,50.44,19.83
79,18.6,40.72,2.01,62.23,16.07
80,19.0,28.64,1.55,49.93,20.03
81,17.97,26.67,1.54,46.93,21.31
82,19.69,28.2,1.73,50.44,19.83
83,17.43,28.21,1.83,48.31,20.7
84,18.77,28.39,1.65,49.53,20.19
85,17.62,28.23,1.85,48.53,20.61
86,19.57,26.71,1.37,48.31,20.7
87,17.58,30.42,1.69,50.49,19.8
88,18.14,28.24,1.38,48.51,20.62
89,17.3,26.25,1.35,45.54,21.96
90,20.99,26.78,1.37,49.8,20.08
91,16.98,28.4,1.6,47.7,20.97
92,17.61,27.04,1.69,47.1,21.23
93,17.51,31.56,3.84,54.16,18.47
94,21.02,26.84,1.46,49.99,20.0
95,17.06,29.72,1.51,48.97,20.42
96,20.2,27.63,1.67,50.22,19.91
97,16.69,26.25,1.72,45.4,22.03
98,23.93,28.14,1.67,54.51,18.35
99,16.9,27.87,1.66,47.2,21.18
100,18.41,26.01,1.63,46.79,21.37
101,17.02,24.95,1.91,44.69,22.38
102,20.22,25.97,1.89,48.9,20.45
103,16.84,26.63,1.38,45.53,21.96
104,18.54,27.42,1.65,48.28,20.71
105,17.12,26.05,1.67,45.58,21.94
106,19.75,26.17,1.92,48.64,20.56
107,17.17,28.03,1.65,47.6,21.01
108,37.03,25.81,2.01,65.73,15.21
109,17.07,25.06,2.2,45.22,22.11
110,20.94,26.29,2.3,50.57,19.78
111,17.6,26.23,2.24,47.04,21.26
112,18.48,27.69,2.0,49.05,20.39
113,16.87,24.46,1.63,43.7,22.88
114,19.89,25.79,2.39,49.04,20.39
115,17.52,27.25,2.13,47.81,20.91
116,22.1,26.07,2.08,51.14,19.55
117,17.12,24.36,2.01,44.37,22.54
118,20.54,26.14,2.56,50.27,19.89
119,17.77,26.59,2.39,47.9,20.88
120,19.0,25.41,2.45,47.91,20.87
121,17.36,24.33,2.34,44.99,22.23
122,19.9,29.4,4.07,55.16,18.13
123,17.87,27.01,2.39,48.23,20.73
124,18.04,25.72,2.22,47.04,21.26
125,17.85,28.72,2.41,144.52,6.92
126,20.88,25.93,2.57,50.42,19.83
127,17.86,26.34,2.34,47.52,21.04
128,23.33,41.22,4.08,70.03,14.28
129,29.17,35.61,2.79,68.73,14.55
130,24.96,35.65,3.79,65.91,15.17
131,35.25,39.68,3.37,79.89,12.52
132,18.12,40.12,3.13,62.93,15.89
133,37.53,36.83,3.1,78.94,12.67
134,20.14,39.85,3.07,64.34,15.54
135,32.78,46.19,3.23,83.79,11.93
136,19.63,35.84,3.42,60.15,16.62
137,34.49,35.56,2.77,73.97,13.52
138,18.9,38.18,2.54,60.67,16.48
139,30.29,44.15,2.69,78.28,12.77
140,36.14,42.46,3.35,83.57,11.97
141,20.19,40.03,3.26,64.73,15.45
142,29.95,36.05,2.85,69.98,14.29
143,32.77,48.49,3.12,85.56,11.69
144,37.21,42.19,2.8,83.36,12.0
145,19.93,40.93,3.33,65.56,15.25
146,32.66,36.14,2.79,72.75,13.74
147,25.39,35.4,3.39,65.62,15.24
148,40.33,40.22,3.01,84.82,11.79
149,24.3,39.86,2.45,67.64,14.78
150,27.08,44.85,1.99,74.88,13.35
151,38.47,44.06,2.18,85.72,11.67
152,16.97,26.95,1.28,45.79,21.84
153,16.37,36.36,2.97,56.75,17.62
154,16.4,25.36,1.29,43.69,22.89
155,16.48,27.17,1.21,45.53,21.96
156,17.61,26.96,1.28,46.44,21.53
157,16.77,24.72,1.51,43.74,22.86
158,18.96,24.55,1.62,45.87,21.8
159,16.74,26.33,1.42,45.13,22.16
160,17.89,26.56,1.2,46.26,21.62
161,16.68,24.26,1.15,42.69,23.43
162,19.1,24.91,1.38,46.05,21.72
163,16.63,26.86,1.18,45.39,22.03
164,18.57,27.94,1.48,49.02,20.4
165,16.71,34.9,2.08,54.7,18.28
166,19.95,28.44,1.48,50.59,19.77
167,16.67,27.9,1.24,46.43,21.54
168,29.32,29.6,1.95,61.84,16.17
169,17.54,25.7,1.65,45.61,21.93
170,19.42,25.38,1.64,47.29,21.15
171,16.92,28.72,1.44,47.74,20.95
172,19.44,26.72,1.51,48.39,20.66
173,16.64,27.01,1.29,45.58,21.94
174,19.42,26.12,1.7,48.18,20.75
175,16.4,27.05,1.01,44.96,22.24
176,17.77,27.61,1.23,47.18,21.19
177,16.55,25.84,1.22,44.21,22.62
178,19.64,30.1,1.28,51.59,19.39
179,16.89,31.79,1.35,50.63,19.75
180,17.68,27.8,1.64,47.87,20.89
181,16.64,27.34,1.87,46.68,21.42
182,16.58,31.33,2.35,51.38,19.46
183,16.15,28.51,1.27,46.54,21.49
184,17.62,26.4,1.46,46.16,21.66
185,16.52,25.81,1.56,44.54,22.45
186,18.86,26.78,1.43,47.79,20.93
187,16.58,34.5,2.02,54.02,18.51
188,18.42,27.54,1.59,48.32,20.7
189,16.7,25.8,1.26,44.39,22.53
190,18.62,26.19,1.81,47.39,21.1
191,18.2,29.21,1.73,50.0,20.0
192,19.37,28.25,1.6,50.04,19.98
193,17.77,25.31,1.76,45.59,21.93
194,18.49,27.78,1.39,48.36,20.68
195,16.33,26.59,1.25,44.77,22.34
196,16.91,29.23,1.97,48.96,20.42
197,16.43,25.24,1.03,43.19,23.16
198,17.21,24.62,1.04,43.41,23.03
199,16.0,27.04,0.87,44.35,22.55
200,17.79,27.79,0.87,46.9,21.32
201,16.23,24.03,0.92,41.63,24.02
202,19.04,25.86,0.94,46.34,21.58
203,17.26,26.93,0.89,45.51,21.97
204,18.77,25.9,0.87,45.97,21.76
205,16.22,25.51,0.86,43.04,23.23
206,20.17,25.78,1.63,48.16,20.76
207,16.14,27.28,1.13,45.04,22.2
208,16.32,26.29,0.9,44.0,22.73
209,16.14,23.94,0.86,41.36,24.18
210,16.18,24.82,0.82,42.27,23.66
211,16.34,30.96,1.4,49.61,20.16
212,16.95,26.65,1.15,45.29,22.08
213,16.42,25.28,0.99,43.24,23.13
214,19.49,27.73,1.13,48.91,20.45
215,16.22,28.25,1.02,46.02,21.73
216,17.99,30.16,1.17,49.83,20.07
217,17.64,27.09,1.02,46.27,21.61
218,18.57,26.94,0.99,47.03,21.26
219,16.3,27.97,1.0,45.76,21.86
220,17.4,29.17,1.39,48.6,20.58
221,20.65,27.23,1.23,49.71,20.12
222,19.11,28.5,0.99,49.11,20.36
223,16.39,30.31,1.08,48.27,20.72
224,18.11,28.62,1.03,48.27,20.72
225,16.75,26.41,1.02,44.68,22.38
226,25.97,31.44,1.05,58.95,16.96
227,16.44,27.84,1.03,45.79,21.84
228,16.91,27.93,1.1,46.53,21.49
229,17.16,25.65,0.98,44.28,22.58
230,17.7,26.0,0.83,44.95,22.25
231,16.04,28.12,1.13,45.83,21.82
232,17.47,26.96,1.04,46.04,21.72
233,16.31,27.2,1.06,45.1,22.17
234,19.44,24.56,0.78,45.2,22.13
235,16.29,28.62,1.11,46.54,21.49
236,20.63,24.87,0.8,46.71,21.41
237,15.76,25.02,0.93,42.67,23.43
238,19.79,26.25,0.79,47.25,21.16
239,15.88,25.76,0.86,42.9,23.31
240,17.24,25.39,0.98,44.02,22.72
241,15.55,31.02,1.3,48.6,20.58
242,17.75,24.27,0.85,43.32,23.08
243,16.09,26.56,0.86,44.01,22.72
244,18.22,25.72,0.85,45.2,22.12
245,16.06,25.04,1.24,42.94,23.29
246,17.6,25.22,0.96,44.23,22.61
247,16.47,25.73,1.0,43.68,22.89
248,18.03,28.98,1.0,48.47,20.63
249,16.13,26.1,1.07,43.83,22.82
250,16.54,26.27,0.87,44.1,22.68
251,15.7,24.12,0.81,181.33,5.51
252,20.87,29.62,0.88,51.79,19.31
253,16.1,27.65,0.86,45.03,22.21
254,17.51,27.76,1.33,47.41,21.09
255,16.69,24.09,0.81,42.01,23.8
256,17.97,26.78,1.0,46.23,21.63
257,16.13,28.0,0.93,45.53,21.97
258,17.09,26.27,1.0,44.83,22.31
259,17.15,26.8,0.87,45.25,22.1
260,19.8,25.14,0.82,46.2,21.65
261,16.17,27.77,0.76,45.16,22.14
262,16.48,26.93,0.83,44.67,22.38
263,18.5,26.21,0.78,45.95,21.76
264,20.06,25.84,0.85,47.18,21.2
265,16.16,28.22,0.88,45.68,21.89
266,16.41,27.99,0.69,45.42,22.02
267,17.07,25.48,0.83,43.81,22.83
268,17.94,26.31,0.95,45.64,21.91
269,16.1,27.8,0.78,45.13,22.16
270,19.88,26.22,0.81,47.33,21.13
271,16.48,25.42,0.81,43.12,23.19
272,17.52,26.33,0.81,45.21,22.12
273,15.57,25.82,0.59,42.33,23.62
274,16.89,26.07,0.59,43.9,22.78
275,15.99,23.66,0.52,40.55,24.66
276,17.1,25.31,0.57,43.36,23.07
277,15.35,27.29,0.67,43.75,22.86
278,20.07,28.69,0.82,50.01,19.99
279,16.23,25.96,0.89,43.5,22.99
280,20.29,27.3,0.74,48.76,20.51
281,16.49,27.13,0.75,44.83,22.3
282,17.33,27.28,0.82,45.98,21.75
283,16.19,24.75,0.78,42.14,23.73
284,19.2,25.15,1.08,45.99,21.74
285,22.65,34.74,1.17,59.16,16.9
286,17.41,26.92,0.91,45.77,21.85
287,15.85,24.47,0.82,41.56,24.06
288,18.61,26.27,1.11,46.56,21.48
289,16.38,26.99,0.85,44.63,22.4
290,17.1,25.21,1.42,44.25,22.6
291,16.55,25.93,0.83,43.73,22.87
292,18.21,25.52,0.88,45.07,22.19
293,16.28,26.83,0.81,44.39,22.53
294,21.16,43.35,1.62,66.86,14.96
295,19.14,40.99,1.23,62.07,16.11
296,22.32,38.95,1.24,63.17,15.83
297,32.7,50.26,1.37,85.09,11.75
298,36.13,43.23,1.23,81.34,12.29
299,31.84,37.33,1.28,71.15,14.05
300,31.03,37.07,1.29,70.03,14.28
301,31.67,43.16,1.18,76.64,13.05
302,29.74,42.14,1.25,73.78,13.55
303,28.38,38.77,1.19,68.99,14.49
304,28.5,35.92,1.22,66.3,15.08
305,31.94,39.05,0.92,72.56,13.78
306,28.66,36.36,0.86,66.42,15.06
307,27.79,33.21,0.82,62.4,16.03
308,31.5,48.82,1.42,82.43,12.13
309,32.05,44.23,1.08,77.99,12.82
310,38.27,35.94,1.91,76.98,12.99
311,25.67,34.01,0.99,61.26,16.33
312,32.28,36.11,1.39,70.48,14.19
313,35.01,47.03,1.41,84.16,11.88
314,42.22,40.14,1.3,84.33,11.86
315,20.5,36.35,1.4,58.99,16.95
316,32.93,35.34,1.31,70.28,14.23
317,39.92,32.94,0.83,74.14,13.49
318,17.06,26.32,1.07,44.9,22.27
319,18.41,28.86,0.88,48.58,20.59
320,16.33,25.48,0.84,43.12,23.19
321,19.98,26.58,0.8,47.77,20.93
322,17.0,25.69,0.8,43.91,22.77
323,16.25,25.14,0.79,42.59,23.48
324,16.23,24.82,0.79,42.29,23.65
325,20.78,27.87,0.85,49.93,20.03
326,16.52,33.66,1.23,52.29,19.13
327,16.93,26.56,0.82,44.73,22.36
328,16.37,25.87,0.91,43.63,22.92
329,17.04,26.65,1.05,45.27,22.09
330,16.36,26.55,0.89,44.26,22.6
331,20.72,25.63,0.8,47.59,21.01
332,15.86,25.29,0.84,42.43,23.57
333,20.85,25.93,0.87,48.08,20.8
334,17.2,36.46,0.79,54.82,18.24
335,16.59,24.12,0.68,41.73,23.96
336,15.89,23.44,0.64,40.31,24.81
337,17.49,27.38,0.79,46.02,21.73
338,15.97,25.04,0.64,42.04,23.79
339,17.09,23.38,0.56,41.4,24.16
340,15.55,23.57,0.66,40.13,24.92
341,18.58,26.55,0.69,46.19,21.65
342,16.16,25.15,0.67,42.33,23.62
343,16.0,23.44,0.6,40.49,24.7
344,15.84,23.11,0.64,39.95,25.03
345,15.97,25.79,0.6,42.7,23.42
346,16.55,25.06,0.83,42.86,23.33
347,17.69,24.52,1.08,43.79,22.84
348,16.04,25.14,0.83,42.43,23.57
349,16.89,28.02,0.96,46.33,21.59
350,18.63,33.91,0.91,53.94,18.54
351,16.08,23.37,0.75,40.54,24.67
352,15.93,25.0,0.92,42.33,23.62
353,16.19,26.62,0.63,43.83,22.82
354,17.07,29.77,1.09,48.4,20.66
355,20.29,28.54,1.08,50.48,19.81
356,16.58,25.62,1.21,43.93,22.77
357,22.58,28.57,1.2,52.89,18.91
358,16.85,25.22,1.11,43.7,22.88
359,16.15,22.77,0.82,40.26,24.84
360,15.64,22.85,0.84,39.85,25.1
361,18.52,25.47,0.67,45.0,22.22
362,16.34,24.53,0.78,42.02,23.8
363,17.37,22.79,0.63,41.13,24.31
364,15.85,23.18,0.76,40.14,24.91
365,19.57,29.75,0.83,50.51,19.8
366,25.69,24.68,0.76,51.47,19.43
367,19.09,24.31,0.78,44.52,22.46
368,16.34,23.94,0.98,41.75,23.95
369,18.76,30.46,0.74,50.31,19.88
370,16.67,24.52,1.06,42.71,23.42
371,18.1,24.89,1.12,44.63,22.4
372,16.26,25.32,1.22,43.4,23.04
373,18.67,27.62,0.9,47.72,20.96
374,17.49,40.76,1.17,59.91,16.69
375,18.22,23.36,0.92,42.93,23.29
376,19.0,33.59,1.14,54.26,18.43
377,18.04,29.62,1.05,49.21,20.32
378,17.18,25.98,1.11,44.84,22.3
379,18.36,35.47,1.33,55.83,17.91
380,16.73,28.42,1.67,47.35,21.12
381,20.95,27.94,1.07,50.48,19.81
382,17.81,26.98,1.19,46.47,21.52
383,17.41,24.99,0.99,43.9,22.78
384,16.8,24.74,1.05,43.12,23.19
385,19.41,27.92,1.08,48.99,20.41
386,16.42,24.42,0.77,42.02,23.8
387,18.03,23.77,0.6,42.76,23.39
388,15.47,23.41,0.6,39.86,25.09
389,17.4,23.65,0.54,41.93,23.85
390,16.01,22.68,0.79,39.9,25.06
391,16.85,21.91,0.55,39.67,25.21
392,14.35,21.66,0.17,36.4,27.48
393,17.48,25.02,0.19,42.9,23.31
394,16.29,24.01,0.51,41.16,24.3
395,29.21,24.88,0.19,54.5,18.35
396,16.13,23.11,0.2,39.66,25.22
397,16.04,25.08,0.19,41.52,24.08
398,15.82,24.88,0.19,41.13,24.32
399,18.04,24.27,0.56,43.21,23.14
400,14.45,22.04,0.2,36.92,27.09
401,18.39,27.05,0.19,45.88,21.8
402,17.07,23.09,0.54,41.04,24.36
403,17.09,22.79,0.52,40.75,24.54
404,16.01,25.59,0.63,42.58,23.48
405,15.53,30.31,0.24,46.35,21.57
406,18.47,30.11,0.81,49.88,20.05
407,16.01,27.36,1.29,45.3,22.07
408,17.65,26.03,1.13,45.37,22.04
409,16.83,27.33,0.84,45.45,22.0
410,16.44,24.98,0.76,42.59,23.48
411,21.41,23.47,0.2,45.29,22.08
412,14.95,22.88,0.2,38.28,26.12
413,18.55,28.75,0.21,47.73,20.95
414,14.81,23.55,0.18,38.8,25.77
415,15.73,23.34,0.18,39.46,25.34
416,14.76,23.47,0.18,38.65,25.87
417,17.28,27.61,0.19,45.31,22.07
418,14.82,23.24,0.18,38.48,25.99
419,15.96,24.0,0.19,40.37,24.77
420,14.98,22.55,0.21,37.97,26.34
421,15.69,25.46,0.17,41.54,24.07
422,14.76,23.06,0.17,38.2,26.18
423,16.16,23.55,0.17,40.09,24.94
424,15.98,25.11,0.7,42.21,23.69
425,16.51,27.72,0.6,45.19,22.13
426,16.02,24.75,0.53,41.65,24.01
427,17.45,37.01,0.58,55.46,18.03
428,16.16,24.39,0.54,41.44,24.13
429,18.3,28.35,0.63,47.7,20.97
430,16.25,24.96,0.54,42.09,23.76
431,23.67,26.03,0.59,50.65,19.74
432,17.25,25.83,0.59,44.05,22.7
433,18.19,25.95,0.55,45.05,22.2
434,16.21,26.18,0.54,43.28,23.11
435,18.11,25.05,0.59,44.1,22.68
436,16.17,34.4,0.74,51.67,19.35
437,15.97,31.35,0.65,48.5,20.62
438,16.8,24.96,0.82,43.01,23.25
439,19.69,26.37,0.6,47.04,21.26
440,14.73,24.25,0.23,39.48,25.33
441,14.8,27.38,0.22,42.66,23.44
442,14.66,31.39,0.31,46.82,21.36
443,16.16,25.32,0.21,41.93,23.85
444,18.99,25.81,0.61,45.76,21.85
445,16.93,28.96,0.66,46.91,21.32
446,17.33,27.15,0.83,45.72,21.87
447,17.27,28.82,0.63,47.21,21.18
448,17.33,24.52,0.56,42.78,23.38
449,16.12,29.14,0.62,46.22,21.64
450,16.17,29.19,0.62,46.34,21.58
451,20.23,30.33,1.05,52.05,19.21
452,16.51,26.4,0.78,44.16,22.64
453,17.37,30.05,0.63,48.43,20.65
454,16.63,25.41,0.76,43.23,23.13
455,19.53,25.83,0.8,46.6,21.46
456,15.88,23.86,0.5,40.62,24.62
457,16.19,25.34,0.55,42.43,23.57
458,18.49,24.7,0.74,44.37,22.54
459,21.18,25.96,0.62,48.1,20.79
460,16.19,24.53,1.0,42.22,23.68
461,18.37,26.57,1.46,46.91,21.32
462,16.44,25.08,1.03,43.04,23.23
463,19.52,24.66,0.76,45.35,22.05
464,16.13,24.24,0.97,41.86,23.89
465,17.91,25.68,1.05,45.17,22.14
466,16.88,33.49,1.45,52.58,19.02
467,30.01,37.79,1.33,69.86,14.31
468,16.49,41.43,1.21,59.78,16.73
469,39.21,41.34,1.45,82.76,12.08
470,31.95,40.42,1.08,74.49,13.42
471,31.4,34.84,1.18,68.09,14.69
472,28.93,36.34,1.56,67.59,14.8
473,32.82,44.48,1.49,79.54,12.57
474,29.28,40.7,1.15,71.77,13.93
475,28.0,35.37,1.13,65.21,15.33
476,33.9,43.7,1.2,81.55,12.26
477,31.79,44.71,0.87,77.94,12.83
478,29.86,41.1,0.82,72.31,13.83
479,31.92,35.68,0.73,68.84,14.53
480,31.51,41.83,0.76,74.64,13.4
481,39.17,43.79,1.14,84.71,11.8
482,24.75,40.94,1.44,67.81,14.75
483,20.13,36.03,1.03,57.77,17.31
484,20.03,41.75,1.22,63.67,15.71
485,21.48,43.79,0.92,66.77,14.98
486,38.0,36.5,1.51,76.86,13.01
487,30.29,35.16,1.4,67.66,14.78
488,28.18,40.56,1.4,70.86,14.11
489,38.67,43.08,1.38,83.91,11.92
490,25.51,24.74,0.81,51.5,19.42
491,22.13,25.4,0.86,48.92,20.44
492,16.27,24.62,0.82,42.13,23.74
493,16.39,26.67,0.82,44.31,22.57
494,17.29,26.79,0.86,45.37,22.04
495,16.06,25.11,0.52,42.06,23.78
496,17.58,27.24,0.59,45.84,21.82
497,15.82,25.54,0.9,42.71,23.41
498,16.52,31.15,0.85,48.97,20.42
499,16.2,27.63,1.11,45.47,21.99
500,17.21,28.77,0.89,47.3,21.14
501,16.28,25.43,0.84,43.0,23.26
502,17.34,26.58,0.53,44.78,22.33
503,16.29,29.52,0.74,146.57,6.82
504,18.07,27.41,0.22,45.94,21.77
505,17.02,26.3,0.62,44.31,22.57
506,17.97,26.49,0.6,45.41,22.02
507,16.65,28.62,1.21,47.13,21.22
508,16.79,30.02,0.84,48.11,20.79
509,16.5,25.25,0.83,42.99,23.26
510,15.92,28.89,1.0,46.29,21.6
511,16.89,29.6,0.98,47.96,20.85
512,18.94,28.14,0.95,48.49,20.62
513,16.42,24.44,0.94,42.24,23.68
514,17.53,25.48,0.92,44.4,22.52
515,16.57,29.42,0.62,46.99,21.28
516,19.04,28.72,0.59,48.72,20.53
517,16.06,24.88,0.6,41.9,23.87
518,17.66,26.33,0.61,44.95,22.25
519,15.72,27.89,0.57,44.52,22.46
520,26.36,28.09,0.65,55.49,18.02
521,16.34,25.35,0.83,42.96,23.28
522,17.03,25.75,0.86,44.06,22.7
523,16.18,27.37,0.83,44.79,22.32
524,18.91,26.35,0.88,46.56,21.48
525,16.95,25.25,0.83,43.44,23.02
526,17.52,26.17,0.88,45.04,22.2
527,16.3,28.85,1.03,46.62,21.45
528,17.38,27.51,0.88,46.23,21.63
529,16.08,25.47,0.9,42.94,23.29
530,16.93,27.6,0.86,45.93,21.77
531,17.01,28.35,1.07,46.98,21.28
532,21.55,28.32,1.07,51.44,19.44
533,16.19,25.02,1.05,42.75,23.39
534,18.71,25.38,1.56,46.38,21.56
535,24.86,34.97,1.66,62.19,16.08
536,17.05,28.2,1.27,47.13,21.22
537,16.77,26.32,1.07,44.7,22.37
538,17.8,27.29,1.17,46.83,21.35
539,15.96,27.22,0.96,44.63,22.41
540,18.69,28.19,1.04,48.47,20.63
541,15.93,25.96,1.15,43.62,22.93
542,19.01,28.11,0.95,48.57,20.59
543,16.46,27.12,1.38,45.67,21.9
544,20.14,26.58,0.94,48.16,20.76
545,16.22,27.76,1.07,45.6,21.93
546,17.63,25.26,0.96,44.37,22.54
547,17.86,29.28,0.96,48.61,20.57
548,17.27,27.02,1.07,45.9,21.79
549,18.01,25.78,1.3,45.67,21.89
550,21.49,36.52,1.97,60.81,16.44
551,16.78,27.61,1.51,46.61,21.45
552,18.35,27.6,1.5,48.13,20.78
553,16.8,24.88,1.93,44.37,22.54
554,18.92,27.04,1.21,47.76,20.94
555,16.42,28.5,1.53,47.19,21.19
556,19.06,28.88,1.57,50.24,19.9
557,16.29,27.23,1.46,45.68,21.89
558,17.98,27.56,1.24,47.36,21.11
559,17.47,30.09,1.28,49.42,20.24
560,17.6,30.13,1.48,49.91,20.03
561,16.64,26.71,0.93,44.82,22.31
562,16.94,26.02,0.9,44.37,22.54
563,16.99,29.4,1.04,47.93,20.86
564,19.32,26.9,0.94,47.64,20.99
565,21.93,29.48,0.77,52.66,18.99
566,16.54,25.17,1.05,43.24,23.12
567,15.0,25.63,0.58,41.58,24.05
568,18.7,26.19,0.56,45.78,21.84
569,15.98,24.94,0.77,42.1,23.75
570,16.4,24.67,0.55,41.97,23.82
571,16.03,26.87,0.81,44.24,22.6
572,17.87,25.94,0.97,45.27,22.09
573,15.85,23.2,0.98,40.52,24.68
574,17.11,25.89,1.17,44.82,22.31
575,16.14,28.0,1.21,45.95,21.76
576,19.61,30.5,1.37,52.16,19.17
577,16.92,25.25,1.26,44.01,22.72
578,17.04,26.36,1.31,45.31,22.07
579,16.48,26.99,1.38,45.51,21.97
580,17.34,25.49,1.17,44.92,22.26
581,16.28,24.88,1.01,42.67,23.43
582,19.35,26.75,1.25,47.94,20.86
583,16.39,27.32,1.67,46.1,21.69
584,17.87,26.91,1.18,46.53,21.49
585,16.15,25.08,1.0,42.76,23.39
586,17.23,26.72,1.04,45.52,21.97
587,16.25,27.76,1.27,45.85,21.81
588,18.49,27.93,1.47,48.52,20.61
589,16.11,25.75,1.0,43.35,23.07
590,17.08,26.94,1.05,45.55,21.96
591,16.17,30.25,1.01,47.94,20.86
592,18.16,29.16,1.21,49.07,20.38
593,17.01,25.97,1.13,44.7,22.37
594,16.88,26.94,1.07,45.38,22.04
595,15.94,29.26,1.19,46.98,21.28
596,23.54,27.06,1.62,52.88,18.91
597,17.15,26.18,1.42,45.35,22.05
598,16.52,25.52,1.27,43.87,22.79
599,16.24,28.07,1.31,46.21,21.64
600,21.22,27.18,1.27,50.27,19.89
601,16.41,25.6,1.2,43.77,22.85
602,17.89,26.02,1.47,46.05,21.72
603,16.31,27.82,1.34,46.2,21.64
604,18.14,28.22,1.05,47.96,20.85
605,16.48,25.73,0.96,43.66,22.91
606,17.4,26.41,1.29,45.75,21.86
607,16.35,27.81,2.4,47.69,20.97
608,18.21,27.3,1.2,47.3,21.14
609,16.28,24.94,1.38,43.25,23.12
610,17.62,26.14,1.3,45.63,21.91
611,16.12,28.54,1.33,46.65,21.44
612,17.17,26.76,1.21,45.73,21.87
613,16.18,25.39,1.48,43.7,22.89
614,17.06,25.43,1.58,44.78,22.33
615,16.1,29.84,1.31,47.86,20.89
616,17.85,27.7,1.4,47.62,21.0
617,16.01,25.0,1.49,43.17,23.16
618,17.62,26.33,1.25,45.79,21.84
619,15.67,27.51,1.0,44.66,22.39
620,18.72,31.28,1.38,51.98,19.24
621,16.29,26.49,1.02,44.32,22.56
622,17.94,26.0,0.94,45.37,22.04
623,16.3,28.7,1.45,47.16,21.2
624,19.13,27.29,1.47,48.63,20.56
625,16.21,25.13,1.41,43.42,23.03
626,21.98,29.23,1.29,53.09,18.84
627,17.65,28.96,1.2,48.4,20.66
628,18.85,26.21,1.06,46.62,21.45
629,12.31,25.06,1.03,139.9,7.15
630,17.0,26.99,1.02,45.55,21.95
631,16.25,28.04,1.26,46.13,21.68
632,17.58,27.19,1.25,46.6,21.46
633,16.36,29.04,3.11,50.45,19.82
634,27.85,43.11,2.79,75.29,13.28
635,15.98,45.56,2.15,64.66,15.46
636,18.28,41.6,2.49,63.5,15.75
637,15.97,41.1,3.54,63.77,15.68
638,31.43,36.67,2.01,71.22,14.04
639,17.37,40.3,1.77,60.31,16.58
640,20.44,38.48,2.09,61.97,16.14
641,15.94,38.17,2.13,57.26,17.46
642,19.21,44.79,2.1,67.05,14.91
643,15.68,63.85,2.24,82.74,12.09
644,28.76,41.88,2.07,73.46,13.61
645,28.39,37.1,1.68,68.01,14.7
646,31.32,37.3,1.66,71.12,14.06
647,31.88,49.3,1.94,83.98,11.91
648,31.89,37.97,1.81,72.53,13.79
649,29.88,38.26,1.92,71.02,14.08
650,26.89,39.24,1.75,68.76,14.54
651,31.6,46.98,1.61,81.09,12.33
652,33.82,41.66,1.94,78.33,12.77
653,28.85,38.7,1.64,70.07,14.27
654,23.01,46.09,1.87,71.87,13.91
655,35.25,42.12,2.13,80.48,12.43
656,25.56,39.88,2.5,69.25,14.44
657,26.15,46.57,2.66,78.24,12.78
658,34.61,39.84,2.92,78.77,12.7
659,20.99,30.01,1.7,53.6,18.66
660,16.83,26.18,1.47,45.13,22.16
661,16.04,25.77,1.48,43.96,22.75
662,16.07,25.82,1.94,44.56,22.44
663,19.17,31.33,1.65,52.86,18.92
664,18.42,30.89,1.48,51.53,19.41
665,18.21,25.63,1.52,46.04,21.72
666,16.59,24.82,1.47,43.53,22.97
667,17.55,30.27,1.37,49.78,20.09
668,16.9,26.04,1.03,44.45,22.5
669,18.84,26.86,1.15,47.43,21.08
670,16.47,26.32,1.23,44.6,22.42
671,22.08,30.59,2.48,56.66,17.65
672,17.16,26.88,1.25,45.86,21.81
673,16.42,25.65,0.98,43.56,22.96
674,16.52,25.32,1.31,43.74,22.86
675,17.04,31.23,1.19,50.04,19.98
676,16.1,24.89,1.18,42.78,23.38
677,18.57,28.24,1.08,48.48,20.63
678,15.98,28.86,1.48,46.95,21.3
679,17.01,29.03,1.16,47.8,20.92
680,16.17,24.62,0.95,42.25,23.67
681,18.57,25.73,1.25,46.17,21.66
682,16.16,25.14,1.25,43.12,23.19
683,17.01,29.87,1.18,48.66,20.55
684,16.49,25.97,1.21,44.23,22.61
685,17.69,26.49,1.28,46.08,21.7
686,16.15,27.16,1.24,45.15,22.15
687,21.47,30.59,1.7,54.46,18.36
688,17.25,27.44,1.29,46.63,21.45
689,21.39,26.8,1.25,50.02,19.99
690,16.19,26.27,1.37,44.4,22.52
691,17.94,30.17,1.29,49.98,20.01
692,17.77,25.35,1.16,44.78,22.33
693,19.61,28.85,1.16,50.14,19.94
694,16.32,24.35,1.17,42.41,23.58
695,17.62,31.1,1.28,50.63,19.75
696,16.46,25.55,1.02,43.56,22.96
697,19.21,27.93,1.6,49.41,20.24
698,16.03,26.51,1.32,44.47,22.49
699,17.42,30.34,1.6,50.06,19.98
700,17.07,27.51,1.44,46.65,21.44
701,18.69,28.67,3.3,51.91,19.26
702,16.37,26.88,1.42,45.35,22.05
703,17.89,30.85,1.75,51.24,19.52
704,17.24,27.12,1.63,46.74,21.39
705,24.03,29.23,1.68,55.68,17.96
706,17.08,29.17,1.61,48.61,20.57
707,17.72,32.56,1.27,52.2,19.16
708,16.97,26.97,1.22,45.74,21.86
709,20.7,26.41,1.02,48.64,20.56
710,15.87,26.53,1.0,43.97,22.74
711,19.94,27.55,1.12,49.17,20.34
712,16.89,29.03,1.24,47.74,20.95
713,17.93,28.79,1.02,48.25,20.72
714,16.32,28.2,1.19,46.29,21.6
715,17.19,32.91,1.37,52.08,19.2
716,21.91,35.21,1.55,59.4,16.83
717,18.61,33.69,1.96,55.11,18.14
718,18.65,28.13,1.7,49.23,20.31
719,19.11,29.65,1.94,51.7,19.34
720,20.36,28.71,1.52,51.23,19.52
721,19.53,30.38,1.52,52.19,19.16
722,16.49,27.29,1.41,45.95,21.76
723,19.51,27.86,1.44,49.47,20.21
724,21.15,29.74,1.42,52.97,18.88
725,18.87,28.02,1.52,49.18,20.33
726,17.71,28.61,1.53,48.55,20.6
727,18.75,29.76,1.52,50.74,19.71
728,17.67,27.32,1.3,46.95,21.3
729,24.0,32.76,1.42,58.81,17.0
730,20.32,34.65,1.5,57.13,17.51
731,18.61,31.09,1.74,52.19,19.16
732,18.06,28.25,1.67,48.73,20.52
733,21.28,30.65,1.79,54.47,18.36
734,17.53,28.25,1.99,48.78,20.5
735,18.22,32.95,1.52,53.42,18.72
736,18.03,27.19,1.2,47.05,21.25
737,20.4,25.99,1.24,48.22,20.74
738,17.2,27.1,1.53,46.57,21.47
739,17.28,28.15,1.41,47.52,21.04
740,16.95,27.17,1.61,46.4,21.55
741,17.36,26.73,1.38,46.16,21.66
742,16.56,27.59,1.22,45.95,21.76
743,20.57,30.69,1.39,53.3,18.76
744,17.26,31.7,3.03,53.22,18.79
745,21.2,28.06,1.43,51.35,19.47
746,16.1,26.63,1.47,45.02,22.21
747,18.4,26.66,1.83,47.66,20.98
748,17.73,33.88,1.5,53.84,18.57
749,18.93,30.25,1.28,51.04,19.59
750,17.01,27.0,1.41,46.08,21.7
751,18.33,27.03,1.32,47.27,21.16
752,16.31,26.57,1.71,45.32,22.07
753,20.39,28.1,1.62,50.81,19.68
754,17.17,27.31,1.6,46.84,21.35
755,18.02,26.79,1.63,47.19,21.19
756,16.24,26.57,1.71,45.28,22.08
757,19.51,32.53,1.84,54.71,18.28
758,18.14,28.48,2.09,49.61,20.16
759,19.02,28.47,1.64,49.89,20.05
760,16.64,33.3,1.8,52.6,19.01
761,18.48,32.2,1.73,53.18,18.8
762,18.17,28.55,1.93,49.48,20.21
763,20.59,28.35,1.99,51.78,19.31
764,16.08,28.15,1.62,46.61,21.46
765,19.69,31.32,1.53,53.27,18.77
766,17.36,26.7,1.36,46.01,21.74
767,17.84,27.77,1.39,47.6,21.01
768,16.85,27.6,1.51,46.65,21.44
769,21.99,31.11,1.89,55.81,17.92
770,17.45,26.87,1.74,46.82,21.36
771,18.32,26.43,1.77,47.25,21.17
772,24.27,29.81,1.89,56.88,17.58
773,21.68,31.51,2.05,56.16,17.81
774,18.27,27.53,1.64,48.3,20.7
775,16.71,30.43,1.8,49.9,20.04
776,17.05,27.99,1.36,47.01,21.27
777,21.51,32.8,1.32,56.27,17.77
778,17.37,26.83,1.22,46.01,21.73
779,17.49,27.22,1.08,46.29,21.6
780,15.85,28.69,1.12,46.23,21.63
781,19.7,31.36,1.06,52.64,19.0
782,16.92,28.35,1.01,46.82,21.36
783,17.78,28.47,1.4,48.48,20.63
784,16.31,29.75,1.04,47.62,21.0
785,17.86,32.08,1.15,51.63,19.37
786,16.92,36.55,1.82,56.22,17.79
787,15.59,29.08,1.37,46.65,21.44
788,15.55,27.94,1.27,45.46,22.0
789,20.5,35.11,1.34,57.6,17.36
790,18.11,29.19,1.56,49.62,20.15
791,17.97,27.6,1.37,47.54,21.04
792,15.48,28.28,1.23,45.57,21.94
793,19.24,32.43,1.36,53.64,18.64
794,17.22,28.75,1.92,48.59,20.58
795,17.9,27.51,1.25,47.23,21.17
796,15.15,28.74,1.23,45.71,21.87
797,19.71,34.11,1.3,55.79,17.92
798,21.76,44.54,2.21,69.56,14.38
799,19.63,43.65,2.17,66.44,15.05
800,25.5,43.36,2.01,71.98,13.89
801,40.63,52.95,2.94,97.79,10.23
802,26.42,40.27,3.05,71.04,14.08
803,28.0,41.03,2.25,72.24,13.84
804,21.97,42.07,2.6,67.74,14.76
805,38.02,49.46,2.32,90.79,11.01
806,26.13,40.06,2.33,69.48,14.39
807,24.94,39.98,2.43,68.39,14.62
808,24.86,41.73,2.64,70.43,14.2
809,37.33,52.36,2.37,93.04,10.75
810,30.77,44.33,2.39,78.55,12.73
811,26.78,41.83,2.57,72.33,13.82
812,25.99,39.81,2.31,69.14,14.46
813,35.1,49.72,2.48,88.42,11.31
814,19.23,44.69,2.54,67.6,14.79
815,26.34,41.87,2.33,71.57,13.97
816,22.67,40.39,2.32,66.36,15.07
817,40.51,48.13,2.87,92.74,10.78
818,26.57,41.34,2.69,71.66,13.95
819,28.54,45.2,2.44,77.29,12.94
820,29.51,42.89,2.55,76.05,13.15
821,20.23,31.69,1.25,53.84,18.57
822,18.75,27.73,1.46,48.61,20.57
823,14.5,28.54,1.44,45.07,22.19
824,14.68,26.62,1.27,43.18,23.16
825,16.58,51.59,3.37,72.74,13.75
826,15.94,27.88,1.49,46.01,21.74
827,18.63,28.56,1.41,49.2,20.32
828,15.35,28.33,1.55,45.94,21.77
829,18.16,32.72,1.63,53.22,18.79
830,16.48,30.07,1.52,48.66,20.55
831,16.54,30.24,1.48,48.89,20.45
832,16.53,27.86,1.43,46.54,21.49
833,18.43,46.89,1.55,67.6,14.79
834,15.57,29.93,1.59,47.74,20.95
835,17.62,28.92,1.64,48.88,20.46
836,15.74,35.34,1.38,53.12,18.83
837,19.74,39.03,1.39,60.81,16.44
838,17.48,32.22,1.32,51.62,19.37
839,18.42,27.46,1.84,48.48,20.63
840,14.99,27.06,1.56,44.33,22.56
841,21.08,28.86,1.6,52.2,19.16
842,16.21,27.5,1.78,46.25,21.62
843,16.68,27.91,2.11,47.57,21.02
844,15.28,28.48,1.9,46.43,21.54
845,24.47,28.98,2.38,56.72,17.63
846,17.02,31.18,2.49,51.67,19.35
847,15.76,27.1,2.88,46.98,21.29
848,15.12,27.34,1.57,44.71,22.37
849,17.33,30.7,1.89,50.72,19.72
850,16.85,28.69,1.66,47.9,20.88
851,17.29,27.62,1.78,47.68,20.97
852,15.99,27.56,2.1,46.49,21.51
853,18.71,29.16,1.89,50.53,19.79
854,16.57,27.38,1.77,46.49,21.51
855,16.23,27.31,1.9,46.29,21.6
856,14.92,29.24,1.99,46.97,21.29
857,19.03,33.6,1.82,55.27,18.09
858,17.62,28.6,1.62,48.53,20.61
859,16.24,28.33,1.78,47.17,21.2
860,14.69,28.37,1.88,45.9,21.79
861,20.75,27.81,1.77,51.07,19.58
862,15.79,38.74,2.14,57.58,17.37
863,16.74,27.54,1.85,46.89,21.33
864,15.0,28.4,1.94,46.18,21.66
865,18.56,31.18,1.76,52.27,19.13
866,17.04,28.86,1.75,48.45,20.64
867,17.73,28.23,2.0,48.93,20.44
868,15.57,27.23,2.01,45.76,21.85
869,18.89,32.45,1.72,53.81,18.58
870,15.82,27.74,1.81,46.13,21.68
871,17.86,27.67,1.95,48.24,20.73
872,14.49,26.57,1.81,43.63,22.92
873,19.32,33.73,1.92,55.76,17.93
874,15.87,26.86,1.82,45.32,22.07
875,19.99,28.68,1.94,51.49,19.42
876,15.68,29.28,1.93,47.73,20.95
877,23.84,44.33,1.82,70.72,14.14
878,18.28,30.55,1.99,51.72,19.34
879,19.73,27.97,1.79,50.23,19.91
880,14.93,31.37,1.74,48.76,20.51
881,18.85,29.27,1.65,50.51,19.8
882,16.24,28.15,1.61,46.68,21.42
883,14.61,28.88,1.58,45.77,21.85
884,15.76,29.2,1.67,47.38,21.11
885,19.52,29.96,1.78,52.1,19.19
886,16.79,28.06,1.85,47.48,21.06
887,17.74,28.16,1.81,48.55,20.6
888,15.38,27.43,1.78,45.41,22.02
889,23.01,30.68,2.08,56.68,17.64
890,17.68,28.35,2.17,49.17,20.34
891,17.76,30.18,2.92,52.21,19.15
892,16.1,27.36,2.06,46.36,21.57
893,17.75,30.16,1.85,50.56,19.78
894,16.27,28.39,1.88,47.36,21.11
895,18.73,27.81,1.76,49.13,20.36
896,15.5,26.41,1.77,44.41,22.52
897,19.0,33.99,1.82,55.55,18.0
898,16.89,28.49,1.88,48.14,20.77
899,17.78,29.11,1.82,49.48,20.21
900,16.17,27.94,1.78,46.63,21.44
901,19.5,33.88,1.99,56.14,17.81
902,16.43,27.01,1.82,45.99,21.74
903,16.19,27.71,1.69,46.34,21.58
904,15.54,27.0,1.7,45.01,22.22
905,20.03,30.27,1.79,52.84,18.92
906,16.83,38.89,1.94,58.46,17.11
907,18.77,27.35,1.81,48.69,20.54
908,15.97,27.74,1.77,46.28,21.61
909,18.05,32.07,1.76,52.63,19.0
910,16.43,27.83,1.58,46.54,21.49
911,15.9,27.38,1.49,45.47,21.99
912,15.8,28.04,1.79,46.49,21.51
913,19.38,28.21,1.41,49.78,20.09
914,16.17,27.3,1.54,45.7,21.88
915,17.27,27.77,1.71,47.57,21.02
916,15.31,29.59,1.66,47.32,21.13
917,25.27,33.73,1.6,61.31,16.31
918,17.83,27.8,1.54,47.85,20.9
919,17.28,27.13,1.49,48.21,20.74
920,14.84,27.23,1.31,43.99,22.73
921,29.85,28.05,1.28,59.84,16.71
922,16.54,28.01,1.37,46.53,21.49
923,17.22,27.45,1.46,46.73,21.4
924,14.73,28.47,1.42,45.19,22.13
925,19.12,30.5,1.33,51.67,19.35
926,16.3,27.94,1.34,46.18,21.66
927,17.12,27.99,1.41,47.13,21.22
928,14.91,27.62,1.27,44.39,22.53
929,20.94,31.53,1.76,54.96,18.19
930,16.12,27.53,1.32,45.57,21.94
931,16.29,28.76,1.56,47.32,21.13
932,14.83,27.56,1.57,44.68,22.38
933,19.51,27.98,1.67,49.91,20.04
934,15.94,29.11,1.33,46.99,21.28
935,17.64,27.37,1.69,47.37,21.11
936,19.69,27.2,1.52,49.11,20.36
937,19.94,30.82,1.46,52.87,18.91
938,16.7,27.36,1.5,46.22,21.63
939,15.82,27.82,1.46,45.76,21.85
940,16.61,28.47,1.53,47.3,21.14
941,18.79,29.05,1.54,50.09,19.96
942,15.76,26.96,1.54,44.94,22.25
943,16.63,27.61,1.88,46.88,21.33
944,15.21,28.64,1.88,46.49,21.51
945,18.5,32.86,1.65,53.74,18.61
946,17.65,28.81,1.52,48.68,20.54
947,17.72,28.43,2.13,49.07,20.38
948,14.83,28.25,1.75,45.63,21.91
949,19.89,32.48,1.62,54.67,18.29
950,15.76,27.14,1.56,45.13,22.16
951,20.12,27.26,1.58,49.62,20.15
952,14.8,26.87,1.38,43.66,22.9
953,21.57,27.11,1.51,50.87,19.66
954,15.78,27.18,1.37,44.94,22.25
955,16.32,27.02,1.51,45.56,21.95
956,14.48,27.42,1.31,43.8,22.83
957,21.2,31.13,1.27,54.19,18.45
958,16.15,27.33,1.37,45.48,21.99
959,14.64,27.5,1.49,44.31,22.57
960,14.54,28.6,1.36,45.12,22.16
961,20.43,32.82,1.54,55.46,18.03
962,15.54,27.47,2.51,46.7,21.42
963,20.78,45.99,2.67,70.55,14.17
964,24.46,40.86,2.6,68.99,14.49
965,32.75,53.31,2.68,89.83,11.13
966,29.26,42.1,2.95,75.5,13.24
967,22.96,42.76,2.56,69.37,14.42
968,22.53,40.34,2.55,66.49,15.04
969,20.83,41.87,2.69,66.57,15.02
970,25.21,43.31,2.64,72.24,13.84
971,23.52,41.16,3.01,68.79,14.54
972,25.69,40.14,2.27,69.06,14.48
973,33.57,45.04,2.37,82.12,12.18
974,26.48,39.24,2.17,68.9,14.51
975,35.02,39.27,2.1,77.32,12.93
976,22.03,40.19,2.24,65.46,15.28
977,32.71,49.95,2.25,85.87,11.65
978,39.56,41.43,2.53,84.58,11.82
979,27.82,41.75,2.28,72.82,13.73
980,25.57,41.13,2.46,70.13,14.26
981,40.06,49.74,2.27,93.41,10.71
982,18.62,45.62,2.73,68.42,14.62
983,21.01,42.16,2.2,66.33,15.08
984,18.45,43.53,2.21,65.15,15.35
985,42.53,46.12,2.53,92.62,10.8
986,25.62,31.77,1.38,59.43,16.83
987,15.04,27.2,1.32,44.16,22.65
988,19.38,28.0,1.56,49.61,20.16
989,16.66,29.63,1.95,49.05,20.39
990,19.38,28.48,1.54,50.06,19.98
991,15.42,27.25,1.59,45.03,22.21
992,18.83,27.41,1.5,48.42,20.65
993,17.68,30.1,1.3,49.71,20.12
994,18.46,28.58,1.42,49.12,20.36
995,14.81,26.67,1.59,43.83,22.81
996,19.08,26.79,1.42,47.93,20.86
997,14.33,27.8,1.5,44.3,22.58
998,17.42,36.94,1.48,56.5,17.7
999,20.5,42.73,1.74,65.8,15.2
1000,17.71,27.75,1.62,47.76,20.94
1001,14.48,28.08,1.48,44.75,22.35
1002,16.09,27.27,1.44,45.46,22.0
1003,16.76,28.44,1.44,47.32,21.13
1004,20.52,27.71,1.43,50.33,19.87
1005,14.84,28.83,1.59,45.96,21.76
1006,16.18,26.23,1.48,44.54,22.45
1007,16.73,28.53,1.64,47.67,20.98
1008,17.42,27.34,1.74,47.25,21.16
1009,14.99,26.97,1.71,44.45,22.5
1010,14.18,26.64,1.75,43.29,23.1
1011,17.26,27.93,1.65,47.58,21.02
1012,19.45,27.02,1.75,48.98,20.41
1013,14.8,26.06,1.62,43.21,23.14
1014,19.88,40.45,2.85,64.07,15.61
1015,18.9,35.43,1.8,56.91,17.57
1016,19.49,28.55,1.62,50.37,19.85
1017,14.73,26.94,1.5,43.84,22.81
1018,16.51,26.47,1.55,45.29,22.08
1019,17.05,28.89,1.63,48.31,20.7
1020,22.28,26.53,1.63,51.26,19.51
1021,14.54,26.13,1.43,42.78,23.37
1022,16.9,26.1,1.69,45.39,22.03
1023,17.21,28.98,1.7,48.64,20.56
1024,18.65,26.32,1.47,47.12,21.22
1025,14.94,26.45,1.51,43.55,22.96
1026,16.9,27.24,1.57,46.35,21.58
1027,16.66,29.1,1.55,48.06,20.81
1028,19.29,26.56,1.56,48.13,20.78
1029,14.62,27.01,4.42,47.25,21.16
1030,16.75,26.94,1.64,46.09,21.7
1031,16.83,28.02,1.59,47.21,21.18
1032,18.8,29.74,1.69,50.99,19.61
1033,14.98,26.36,1.64,43.74,22.86
1034,17.0,26.94,1.67,46.41,21.55
1035,18.39,31.61,1.65,52.39,19.09
1036,18.24,27.87,1.68,48.53,20.61
1037,14.82,27.17,1.5,44.14,22.65
1038,17.02,26.87,1.65,46.25,21.62
1039,17.09,29.57,1.43,48.76,20.51
1040,18.79,26.51,1.42,47.47,21.07
1041,15.1,26.65,1.46,43.89,22.78
1042,16.95,27.26,1.62,46.54,21.49
1043,17.28,30.36,1.66,50.48,19.81
1044,19.43,27.88,1.52,49.58,20.17
1045,22.16,27.74,1.59,52.22,19.15
1046,18.64,27.43,1.49,48.23,20.74
1047,17.26,28.38,1.44,47.73,20.95
1048,21.53,30.48,1.62,54.37,18.39
1049,15.58,26.77,1.36,44.37,22.54
1050,16.51,27.22,1.39,45.8,21.84
1051,17.71,29.02,1.47,48.88,20.46
1052,17.98,28.2,1.37,48.21,20.74
1053,19.22,27.41,1.65,49.03,20.4
1054,15.11,26.86,1.74,44.46,22.49
1055,17.34,30.41,1.68,50.19,19.92
1056,18.54,27.34,1.7,48.32,20.7
1057,15.44,27.12,1.61,44.93,22.26
1058,18.15,27.12,1.57,47.6,21.01
1059,17.47,29.84,3.02,51.64,19.36
1060,21.11,30.85,1.59,54.3,18.42
1061,15.62,26.14,1.62,44.13,22.66
1062,15.87,27.54,1.74,45.96,21.76
1063,16.88,29.44,1.84,48.94,20.43
1064,20.84,26.98,1.63,50.28,19.89
1065,15.62,27.64,1.72,45.87,21.8
1066,16.99,27.05,1.72,46.5,21.5
1067,17.42,28.27,1.43,47.8,20.92
1068,19.76,26.44,1.67,48.68,20.54
1069,15.06,26.6,1.83,44.48,22.48
1070,18.5,26.04,1.84,47.15,21.21
1071,18.18,28.81,1.7,49.45,20.22
1072,20.77,26.9,1.6,49.97,20.01
1073,15.43,27.81,1.81,45.8,21.83
1074,17.03,27.12,2.4,48.24,20.73
1075,19.43,30.07,1.97,52.9,18.9
1076,19.62,29.66,1.51,51.47,19.43
1077,14.82,27.98,1.44,44.93,22.26
1078,18.04,27.54,1.77,48.18,20.76
1079,17.1,28.62,1.67,48.19,20.75
1080,17.76,28.43,1.77,48.82,20.48
1081,15.25,25.86,1.65,43.57,22.95
1082,16.44,26.24,1.5,44.92,22.26
1083,17.14,28.57,1.75,48.23,20.73
1084,19.58,26.9,1.47,48.64,20.56
1085,15.04,26.06,1.72,43.56,22.96
1086,16.97,28.23,1.83,47.83,20.91
1087,17.59,28.96,1.77,49.18,20.34
1088,19.24,26.29,1.7,47.99,20.84
1089,15.1,25.59,1.56,42.98,23.27
1090,25.06,30.19,1.68,57.71,17.33
1091,18.55,28.7,1.82,49.94,20.03
1092,22.59,28.41,1.69,53.65,18.64
1093,15.64,26.74,1.71,44.93,22.26
1094,17.61,26.61,1.73,46.76,21.39
1095,17.4,31.18,1.52,50.79,19.69
1096,22.06,28.64,1.47,52.84,18.92
1097,14.42,26.26,1.31,42.58,23.49
1098,16.82,27.3,1.45,46.26,21.62
1099,17.01,30.07,1.41,49.15,20.35
1100,20.4,27.12,1.83,50.16,19.93
1101,15.44,26.23,1.67,44.11,22.67
1102,17.66,27.32,1.77,47.57,21.02
1103,17.54,29.44,1.56,49.31,20.28
1104,21.31,28.97,1.56,52.51,19.05
1105,21.74,32.53,1.57,56.5,17.7
1106,15.53,26.98,1.98,45.51,21.97
1107,17.43,29.78,1.66,49.68,20.13
1108,21.02,28.04,1.63,51.48,19.43
1109,15.66,26.26,1.63,44.4,22.52
1110,17.52,27.36,1.91,47.57,21.02
1111,17.59,30.71,1.83,50.96,19.62
1112,21.55,28.15,1.78,52.25,19.14
1113,15.25,27.53,1.69,45.29,22.08
1114,17.27,27.16,1.71,46.95,21.3
1115,17.34,31.49,1.52,51.04,19.59
1116,18.17,29.34,1.49,49.69,20.13
1117,15.09,27.08,1.44,44.28,22.59
1118,15.59,26.6,1.51,44.4,22.52
1119,17.11,29.65,1.48,48.91,20.44
1120,23.14,35.79,1.56,61.18,16.35
1121,18.19,26.82,1.74,47.5,21.05
1122,15.95,26.48,1.56,44.7,22.37
1123,16.93,28.52,1.53,47.64,20.99
1124,17.92,27.26,1.58,47.46,21.07
1125,15.22,26.81,1.68,44.47,22.49
1126,15.59,26.72,1.48,44.47,22.48
1127,17.43,29.55,1.85,49.6,20.16
1128,17.24,26.7,1.34,45.86,21.8
1129,15.29,26.85,1.77,44.67,22.39
1130,15.39,27.17,1.54,44.74,22.35
1131,17.53,29.99,1.75,50.02,19.99
1132,25.55,41.59,2.89,71.28,14.03
1133,19.82,38.31,2.1,61.21,16.34
1134,20.25,55.75,2.95,80.72,12.39
1135,36.55,52.41,2.46,92.38,10.82
1136,30.86,39.67,3.23,74.88,13.36
1137,17.6,39.88,2.59,61.15,16.35
1138,26.96,39.93,2.19,70.08,14.27
1139,16.3,45.4,3.48,68.37,14.63
1140,25.35,39.89,2.11,68.31,14.64
1141,26.62,39.82,2.62,70.23,14.24
1142,24.93,40.07,2.93,69.1,14.47
1143,32.44,47.57,3.17,84.56,11.83
1144,28.63,42.82,3.16,75.8,13.19
1145,25.67,39.02,2.67,68.43,14.61
1146,29.55,37.68,2.8,71.19,14.05
1147,32.65,45.41,2.85,82.15,12.17
1148,32.98,41.28,2.94,78.17,12.79
1149,28.9,43.67,3.06,76.96,12.99
1150,23.56,42.38,3.31,70.65,14.15
1151,34.57,46.83,4.05,86.87,11.51
1152,37.52,46.78,2.59,87.98,11.37
1153,21.71,42.32,3.0,68.37,14.63
1154,29.83,48.39,3.3,82.84,12.07
1155,23.53,46.24,2.94,74.01,13.51
1156,21.04,26.06,1.65,49.48,20.21
1157,15.67,26.63,1.85,44.9,22.27
1158,18.42,26.68,1.76,47.6,21.01
1159,16.73,28.49,1.5,47.38,21.1
1160,20.88,27.67,1.72,51.03,19.6
1161,15.97,28.5,1.79,47.01,21.27
1162,18.0,26.64,1.82,47.24,21.17
1163,23.64,26.98,1.65,53.02,18.86
1164,21.51,28.07,1.69,52.01,19.23
1165,15.66,26.36,1.64,44.4,22.52
1166,19.01,26.38,1.74,47.87,20.89
1167,17.14,27.88,1.77,47.51,21.05
1168,22.96,26.29,1.72,51.76,19.32
1169,19.48,28.46,1.71,50.39,19.84
1170,18.4,28.98,1.71,49.83,20.07
1171,16.97,28.31,1.8,47.83,20.91
1172,19.2,27.06,1.75,48.76,20.51
1173,16.45,25.64,2.07,45.04,22.2
1174,18.39,26.12,1.7,46.97,21.29
1175,16.79,30.49,1.62,49.66,20.14
1176,22.62,27.07,1.79,52.23,19.15
1177,16.33,26.49,1.76,45.37,22.04
1178,18.68,27.73,1.98,49.13,20.36
1179,17.09,27.97,1.61,47.41,21.09
1180,20.03,29.23,1.63,51.63,19.37
1181,16.92,25.51,1.66,44.81,22.32
1182,17.53,27.37,1.78,47.48,21.06
1183,17.11,30.34,1.87,50.15,19.94
1184,18.74,26.98,1.67,48.19,20.75
1185,17.4,25.54,1.67,45.37,22.04
1186,16.6,25.93,1.72,45.0,22.22
1187,17.35,28.25,1.81,48.17,20.76
1188,18.63,26.72,1.77,47.87,20.89
1189,21.83,26.51,1.77,50.85,19.67
1190,17.98,26.94,1.88,47.65,20.99
1191,17.52,29.11,2.17,49.65,20.14
1192,22.4,30.12,2.15,55.47,18.03
1193,16.74,26.58,1.83,45.97,21.75
1194,17.85,28.6,2.07,49.41,20.24
1195,18.44,31.05,1.83,52.09,19.2
1196,18.56,28.02,2.03,49.45,20.22
1197,17.02,25.62,1.6,44.98,22.23
1198,20.7,33.27,2.1,56.91,17.57
1199,17.14,27.46,1.86,47.27,21.16
1200,18.32,26.79,1.77,47.62,21.0
1201,16.88,25.42,1.76,44.77,22.34
1202,18.7,25.84,1.75,47.04,21.26
1203,17.31,27.87,2.08,48.26,20.72
1204,19.66,27.65,1.82,49.87,20.05
1205,17.58,26.21,1.9,46.54,21.49
1206,18.89,26.47,1.82,48.05,20.81
1207,17.32,28.24,1.68,47.99,20.84
1208,23.38,28.24,1.78,54.24,18.44
1209,18.41,25.81,1.73,46.81,21.36
1210,18.09,25.53,1.64,46.08,21.7
1211,16.9,27.34,1.67,46.69,21.42
1212,19.78,26.07,1.61,48.23,20.73
1213,18.94,32.31,1.88,53.89,18.56
1214,17.84,25.22,1.91,45.8,21.83
1215,17.14,28.86,1.69,48.52,20.61
1216,21.04,26.84,1.67,50.31,19.88
1217,17.65,26.19,1.76,46.47,21.52
1218,18.5,26.47,1.68,47.39,21.1
1219,17.16,28.49,1.65,48.05,20.81
1220,23.86,26.41,1.62,52.71,18.97
1221,16.68,25.9,1.67,45.01,22.22
1222,17.28,25.47,1.67,45.19,22.13
1223,17.08,27.17,1.89,46.97,21.29
1224,17.4,26.14,1.99,46.31,21.6
1225,19.04,25.17,1.64,46.62,21.45
1226,17.05,25.65,1.5,44.87,22.28
1227,17.52,26.97,1.57,46.76,21.39
1228,37.33,25.93,1.33,65.2,15.34
1229,16.7,25.75,1.66,44.78,22.33
1230,18.68,25.73,1.68,46.93,21.31
1231,17.76,35.78,2.67,57.37,17.43
1232,20.63,32.01,1.78,55.19,18.12
1233,17.11,25.19,1.71,44.77,22.34
1234,18.62,25.43,1.75,46.55,21.48
1235,17.37,33.21,1.88,53.3,18.76
1236,18.91,30.02,1.84,51.61,19.38
1237,16.56,27.83,1.83,47.01,21.27
1238,18.62,26.02,1.8,47.19,21.19
1239,19.48,28.14,1.72,50.08,19.97
1240,19.52,27.83,1.89,50.29,19.88
1241,17.67,27.32,1.94,47.73,20.95
1242,20.45,36.33,1.92,59.53,16.8
1243,17.18,29.21,1.89,49.11,20.36
1244,19.66,29.05,1.74,51.22,19.53
1245,17.46,27.29,2.28,47.96,20.85
1246,19.28,27.79,1.71,49.53,20.19
1247,15.55,25.72,1.34,43.27,23.11
1248,18.98,33.35,1.85,54.98,18.19
1249,18.34,28.36,1.83,49.26,20.3
1250,18.74,28.79,2.77,51.16,19.55
1251,16.43,25.97,1.78,44.94,22.25
1252,18.71,25.96,1.43,46.72,21.41
1253,17.12,28.98,1.45,48.35,20.68
1254,17.94,26.75,1.78,47.24,21.17
1255,16.57,24.96,1.92,44.28,22.58
1256,20.53,25.19,2.13,48.84,20.47
1257,29.98,27.55,2.63,61.23,16.33
1258,13.49,32.22,4.04,156.89,6.37
1259,16.86,25.16,2.1,44.99,22.23
1260,19.35,27.15,2.22,49.63,20.15
1261,18.0,27.83,1.97,48.65,20.55
1262,20.63,26.73,1.99,50.21,19.92
1263,17.03,25.81,2.21,45.98,21.75
1264,19.25,27.43,4.06,52.0,19.23
1265,18.38,26.72,1.71,47.57,21.02
1266,18.76,25.03,1.66,46.19,21.65
1267,16.62,25.04,1.46,43.8,22.83
1268,16.86,27.18,2.46,47.62,21.0
1269,17.31,27.93,1.56,47.47,21.07
1270,17.64,26.54,1.67,46.76,21.39
1271,17.64,27.38,1.97,47.74,20.95
1272,22.02,25.76,1.3,49.66,20.14
1273,16.73,27.61,1.32,46.26,21.62
1274,18.08,28.15,1.69,48.66,20.55
1275,17.26,27.78,1.64,47.42,21.09
1276,20.98,29.38,1.65,52.75,18.96
1277,18.02,28.98,1.88,49.67,20.13
1278,19.73,26.87,1.85,49.31,20.28
1279,17.44,25.77,1.58,45.49,21.98
1280,18.18,27.25,1.89,48.12,20.78
1281,18.52,30.07,1.97,51.23,19.52
1282,21.12,28.94,2.85,54.06,18.5
1283,23.11,26.98,2.0,52.94,18.89
1284,19.38,28.1,1.98,50.39,19.85
1285,18.84,29.75,1.84,51.25,19.51
1286,20.82,27.55,1.84,51.0,19.61
1287,16.96,26.26,1.84,45.82,21.82
1288,22.9,28.55,1.82,54.04,18.5
1289,18.03,30.91,2.68,52.61,19.01
1290,18.48,28.33,3.19,51.2,19.53
1291,18.37,26.99,2.32,48.7,20.53
1292,22.29,28.11,2.77,54.29,18.42
1293,19.66,35.0,6.1,62.37,16.03
1294,28.3,48.46,5.64,84.07,11.9
1295,32.47,41.68,3.65,79.41,12.59
1296,24.19,40.52,4.09,70.5,14.18
1297,41.54,38.59,3.84,85.49,11.7
1298,25.14,43.52,3.53,73.78,13.55
1299,33.78,36.87,3.01,74.86,13.36
1300,33.34,37.49,4.22,76.68,13.04
1301,33.86,44.0,3.84,83.2,12.02
1302,35.15,42.92,4.98,84.57,11.82
1303,35.09,37.67,3.53,77.66,12.88
1304,31.35,39.91,4.35,77.16,12.96
1305,41.35,43.56,3.97,90.43,11.06
1306,35.37,40.1,3.36,80.21,12.47
1307,32.96,36.21,4.6,75.46,13.25
1308,35.36,37.97,4.54,79.42,12.59
1309,42.92,40.26,4.42,89.29,11.2
1310,37.1,36.24,4.07,79.0,12.66
1311,29.27,38.77,4.58,74.29,13.46
1312,35.62,37.02,5.65,80.49,12.42
1313,40.77,37.94,8.95,91.81,10.89
1314,34.98,35.76,6.24,79.27,12.61
1315,41.31,31.65,3.14,77.32,12.93
1316,19.86,24.45,3.09,48.71,20.53
1317,19.55,26.97,2.85,50.54,19.79
1318,20.59,25.59,2.61,49.84,20.06
1319,18.36,23.57,3.1,46.23,21.63
1320,20.61,22.96,2.38,46.95,21.3
1321,18.67,26.67,3.12,49.75,20.1
1322,22.57,26.03,2.8,52.68,18.98
1323,18.15,24.0,3.07,46.53,21.49
1324,18.94,24.05,2.94,47.15,21.21
1325,19.31,25.62,3.09,49.33,20.27
1326,19.57,26.64,2.36,49.48,20.21
1327,22.99,37.04,2.54,63.63,15.72
1328,17.72,24.41,2.61,45.8,21.84
1329,18.26,31.99,3.17,54.54,18.34
1330,19.51,25.66,3.78,50.42,19.83
1331,17.62,24.05,2.52,45.36,22.05
1332,18.33,24.77,2.85,47.13,21.22
1333,19.07,27.93,3.6,51.96,19.24
1334,21.02,27.31,2.81,52.29,19.12
1335,17.81,24.98,2.79,46.69,21.42
1336,20.72,25.2,3.32,50.74,19.71
1337,19.64,27.69,2.31,50.68,19.73
1338,20.48,28.22,2.9,52.78,18.95
1339,19.15,25.79,2.7,48.8,20.49
1340,20.75,26.67,3.15,51.76,19.32
1341,18.65,41.45,3.24,64.5,15.5
1342,20.34,29.08,2.74,53.29,18.77
1343,17.51,26.15,2.52,47.24,21.17
1344,19.7,26.35,2.49,49.53,20.19
1345,18.11,27.74,2.45,49.3,20.29
1346,20.27,26.56,2.48,50.3,19.88
1347,17.92,27.03,2.15,47.99,20.84
1348,20.72,27.18,2.57,51.61,19.38
1349,18.68,26.85,2.78,49.44,20.23
1350,19.45,28.31,2.79,51.67,19.35
1351,18.97,27.47,3.16,50.84,19.67
1352,19.78,26.67,2.81,50.64,19.75
1353,18.31,27.44,2.62,49.46,20.22
1354,19.46,29.55,2.61,52.68,18.98
1355,17.67,36.3,2.7,57.79,17.3
1356,21.0,26.34,4.19,53.19,18.8
1357,18.49,30.3,2.72,52.73,18.97
1358,18.53,27.44,2.48,49.49,20.21
1359,17.43,26.76,2.09,47.11,21.23
1360,18.54,25.87,2.14,47.43,21.08
1361,18.35,28.09,1.85,48.96,20.42
1362,19.28,29.24,1.79,51.02,19.6
1363,17.41,27.15,2.19,47.66,20.98
1364,17.91,27.62,1.77,48.07,20.8
1365,17.62,28.79,2.07,49.39,20.25
1366,22.54,26.27,1.98,51.64,19.37
1367,17.99,25.37,1.98,46.15,21.67
1368,21.54,25.91,2.17,50.52,19.79
1369,17.61,36.03,4.11,59.39,16.84
1370,18.18,27.01,1.94,47.96,20.85
1371,17.42,26.93,1.79,46.96,21.3
1372,19.94,24.43,1.8,47.07,21.25
1373,17.24,26.53,2.03,46.64,21.44
1374,19.74,28.1,2.05,50.79,19.69
1375,17.48,26.38,2.13,46.82,21.36
1376,17.95,25.45,1.52,45.59,21.93
1377,18.13,28.15,2.22,49.53,20.19
1378,21.01,28.81,1.97,52.77,18.95
1379,17.39,26.29,2.06,46.63,21.45
1380,19.45,27.33,2.0,49.62,20.16
1381,17.95,26.4,1.96,47.14,21.21
1382,19.44,27.75,1.88,49.91,20.04
1383,16.58,24.33,1.62,43.19,23.16
1384,28.52,25.65,1.8,56.84,17.59
1385,18.15,30.1,2.0,51.1,19.57
1386,17.17,26.28,1.49,45.55,21.95
1387,16.25,23.54,1.15,41.46,24.12
1388,17.7,25.4,1.64,45.46,22.0
1389,19.77,26.01,1.57,48.0,20.83
1390,18.59,27.25,2.08,48.76,20.51
1391,16.6,24.04,1.56,42.94,23.29
1392,17.5,27.58,1.54,47.3,21.14
1393,18.14,25.48,1.96,46.3,21.6
1394,18.45,27.46,1.55,48.13,20.78
1395,16.8,24.97,1.5,43.96,22.75
1396,18.09,26.53,2.44,47.76,20.94
1397,17.2,27.71,1.6,47.2,21.19
1398,19.32,31.38,1.68,53.13,18.82
1399,21.04,26.03,1.31,48.98,20.42
1400,18.65,26.43,1.89,47.76,20.94
1401,17.11,28.94,1.45,48.15,20.77
1402,22.31,27.43,2.58,53.31,18.76
1403,18.05,29.73,1.93,50.48,19.81
1404,19.69,26.35,2.2,49.09,20.37
1405,17.67,29.89,2.17,50.61,19.76
1406,19.64,29.58,1.61,51.53,19.41
1407,18.48,26.52,1.7,47.41,21.09
1408,18.91,28.58,1.64,49.86,20.06
1409,17.75,28.45,1.78,48.8,20.49
1410,20.67,28.21,1.83,51.47,19.43
1411,16.75,26.36,1.56,45.34,22.06
1412,19.18,28.19,1.64,49.76,20.09
1413,22.76,42.74,2.77,69.36,14.42
1414,19.48,26.06,1.69,47.9,20.88
1415,16.88,25.72,1.34,44.57,22.44
1416,19.75,25.41,1.94,47.99,20.84
1417,17.09,29.45,1.54,48.77,20.5
1418,18.9,24.62,1.3,45.5,21.98
1419,16.48,26.05,1.52,44.65,22.39
1420,19.27,26.06,1.52,47.48,21.06
1421,18.04,25.97,1.38,46.03,21.72
1422,17.08,23.46,1.22,42.39,23.59
1423,16.21,23.48,1.36,41.66,24.01
1424,18.88,24.09,1.5,45.14,22.15
1425,16.59,24.12,1.35,42.7,23.42
1426,19.21,27.34,1.4,48.57,20.59
1427,16.86,23.77,1.71,43.04,23.23
1428,25.12,33.6,1.75,61.22,16.34
1429,17.07,25.86,1.44,45.03,22.21
1430,19.94,25.99,1.6,48.29,20.71
1431,16.54,23.47,1.42,42.02,23.8
1432,19.72,24.28,1.44,46.11,21.69
1433,16.62,24.62,1.77,43.71,22.88
1434,19.04,24.6,1.74,46.11,21.69
1435,16.91,24.96,1.38,43.9,22.78
1436,18.96,23.78,1.58,44.97,22.24
1437,16.55,26.39,1.36,44.9,22.27
1438,18.21,24.62,1.15,44.48,22.48
1439,16.8,24.36,2.18,44.04,22.71
1440,17.79,23.54,1.35,43.28,23.11
1441,16.54,25.31,1.57,44.11,22.67
1442,18.88,24.79,1.57,45.84,21.81
1443,17.21,23.54,1.33,42.68,23.43
1444,20.49,24.16,1.64,46.99,21.28
1445,16.65,24.35,1.56,43.23,23.13
1446,19.58,24.02,1.43,45.67,21.9
1447,16.7,25.4,1.18,43.86,22.8
1448,19.0,24.16,1.6,45.42,22.02
1449,15.92,25.72,0.95,43.02,23.24
1450,19.51,26.2,1.63,48.04,20.82
1451,16.23,24.23,1.56,42.71,23.41
1452,18.17,23.37,1.09,43.13,23.18
1453,16.46,25.05,1.87,44.22,22.61
1454,19.05,24.4,1.48,45.66,21.9
1455,16.61,23.51,2.07,43.11,23.2
1456,17.97,24.6,1.62,44.88,22.28
1457,25.33,38.44,3.08,68.16,14.67
1458,48.84,42.71,4.46,96.9,10.32
1459,31.39,32.66,2.21,67.21,14.88
1460,33.02,36.79,2.2,72.98,13.7
1461,29.91,41.92,2.21,74.99,13.34
1462,27.82,33.86,2.4,65.04,15.38
1463,17.94,44.35,2.29,65.55,15.25
1464,25.93,38.04,2.7,67.74,14.76
1465,32.54,43.8,2.37,79.68,12.55
1466,31.73,35.07,2.33,70.11,14.26
1467,23.12,37.08,1.58,62.52,16.0
1468,21.91,41.21,3.91,67.82,14.74
1469,18.78,51.68,1.37,72.48,13.8
1470,29.9,33.07,1.64,65.39,15.29
1471,30.76,32.46,1.59,65.55,15.26
1472,17.55,32.97,1.66,52.93,18.89
1473,32.19,37.11,1.72,71.8,13.93
1474,24.97,42.61,2.04,70.57,14.17
1475,16.7,35.01,3.65,56.26,17.78
1476,32.49,36.64,1.75,71.64,13.96
1477,33.87,38.81,1.81,75.3,13.28
1478,38.54,34.01,1.93,75.69,13.21
1479,36.16,40.17,2.33,79.37,12.6
1480,33.08,38.71,2.39,75.2,13.3
1481,37.9,41.76,2.12,82.65,12.1
1482,17.63,26.66,1.18,46.0,21.74
1483,16.22,25.32,1.19,43.28,23.11
1484,18.57,25.01,1.08,45.17,22.14
1485,17.29,28.24,0.7,46.6,21.46
1486,18.3,26.39,1.37,46.71,21.41
1487,17.0,25.3,1.11,43.93,22.76
1488,19.88,27.62,1.37,49.49,20.21
1489,17.57,28.7,1.44,48.31,20.7
1490,18.3,27.66,1.36,47.93,20.86
1491,16.91,24.84,1.32,43.69,22.89
1492,16.87,36.09,2.11,55.77,17.93
1493,16.69,28.02,1.45,46.83,21.35
1494,18.85,25.55,1.16,46.06,21.71
1495,16.44,24.2,1.2,42.43,23.57
1496,19.68,25.11,1.01,46.24,21.63
1497,16.64,24.26,0.99,42.34,23.62
1498,16.25,28.7,1.02,46.54,21.49
1499,17.52,25.42,1.42,45.0,22.22
1500,21.18,27.44,1.38,50.58,19.77
1501,17.77,23.1,1.06,42.44,23.56
1502,16.83,24.65,1.01,43.02,23.25
1503,17.06,24.42,1.15,43.14,23.18
1504,18.13,27.42,1.15,47.22,21.18
1505,16.7,24.69,1.3,43.31,23.09
1506,17.92,26.43,1.07,45.93,21.77
1507,16.57,27.89,1.88,47.39,21.1
1508,19.8,22.81,0.97,44.04,22.71
1509,16.47,23.14,1.1,41.2,24.27
1510,18.35,24.65,1.4,45.01,22.22
1511,16.85,24.6,1.13,43.12,23.19
1512,20.08,23.59,1.3,45.58,21.94
1513,16.44,22.62,0.91,40.39,24.76
1514,18.14,33.27,1.25,53.27,18.77
1515,16.82,26.36,1.05,44.73,22.35
1516,23.85,26.49,1.08,51.94,19.25
1517,16.28,24.67,1.26,42.8,23.36
1518,17.43,24.54,1.14,43.64,22.92
1519,17.21,25.96,1.48,45.32,22.07
1520,18.49,24.27,1.51,44.93,22.26
1521,16.06,22.82,1.53,41.08,24.34
1522,18.65,24.06,1.71,45.16,22.14
1523,19.62,34.48,2.26,57.38,17.43
1524,18.3,23.91,1.28,44.1,22.68
1525,16.48,22.84,1.64,41.63,24.02
1526,17.19,25.29,1.54,44.72,22.36
1527,16.23,24.68,1.04,42.49,23.54
1528,17.73,23.56,1.41,43.3,23.09
1529,16.52,23.38,1.12,41.58,24.05
1530,16.43,22.86,1.2,41.02,24.38
1531,16.6,25.06,1.12,43.29,23.1
1532,19.07,24.6,1.06,45.22,22.11
1533,15.87,22.45,1.03,39.87,25.08
1534,16.71,23.86,1.33,42.49,23.54
1535,16.61,26.84,1.31,45.35,22.05
1536,18.16,25.08,1.69,45.68,21.89
1537,16.46,24.92,1.7,43.87,22.79
1538,19.39,25.06,1.72,46.93,21.31
1539,19.47,37.28,1.53,58.91,16.97
1540,19.67,23.59,1.26,45.13,22.16
1541,16.66,23.68,1.34,42.28,23.65
1542,17.89,23.85,1.26,43.6,22.93
1543,17.41,26.08,1.56,45.71,21.88
1544,17.14,23.14,1.28,42.12,23.74
1545,16.73,24.52,1.66,43.64,22.92
1546,17.78,24.4,1.8,44.78,22.33
1547,17.22,26.09,1.75,45.81,21.83
1548,19.36,24.73,1.68,46.54,21.49
1549,16.77,24.31,1.47,43.23,23.13
1550,19.07,25.92,1.17,46.66,21.43
1551,16.77,26.7,1.27,45.31,22.07
1552,17.87,24.61,1.26,44.31,22.57
1553,16.71,24.94,1.22,43.45,23.02
1554,16.39,32.69,2.15,52.29,19.12
1555,17.29,33.42,1.73,53.2,18.8
1556,18.65,25.83,1.45,46.85,21.35
1557,16.7,25.41,1.36,44.05,22.7
1558,17.57,25.24,1.4,44.82,22.31
1559,16.99,27.52,2.25,47.43,21.09
1560,18.84,31.65,1.28,52.35,19.1
1561,16.89,24.81,1.71,44.18,22.63
1562,17.59,26.46,1.66,46.46,21.53
1563,16.32,26.12,1.08,44.04,22.71
1564,17.72,25.1,1.27,44.69,22.38
1565,16.18,23.76,1.2,41.75,23.95
1566,18.26,24.19,1.73,44.92,22.26
1567,17.32,30.16,2.14,50.52,19.79
1568,18.41,25.15,1.39,45.61,21.92
1569,16.74,32.19,2.16,52.06,19.21
1570,16.57,25.21,1.43,43.81,22.83
1571,16.81,25.52,1.21,44.15,22.65
1572,18.19,27.93,1.26,48.05,20.81
1573,17.57,25.92,1.29,45.36,22.05
1574,17.61,24.74,1.51,44.51,22.47
1575,16.88,27.55,1.35,46.38,21.56
1576,21.2,26.21,1.24,49.22,20.32
1577,16.62,25.98,1.46,44.68,22.38
1578,17.69,25.16,1.29,44.72,22.36
1579,16.81,26.86,1.48,45.82,21.82
1580,18.39,26.21,1.34,46.55,21.48
1581,16.86,26.82,1.25,45.53,21.96
1582,22.59,28.07,1.44,52.83,18.93
1583,19.0,29.43,1.46,50.58,19.77
1584,21.75,39.51,1.58,63.46,15.76
1585,17.54,27.19,1.53,47.03,21.26
1586,23.1,26.56,1.63,51.98,19.24
1587,17.2,27.23,1.48,46.58,21.47
1588,20.42,28.74,1.27,51.02,19.6
1589,17.21,25.73,1.53,45.14,22.15
1590,18.82,25.51,1.52,46.65,21.44
1591,16.7,26.77,1.32,45.4,22.03
1592,19.21,27.65,1.44,48.92,20.44
1593,16.71,25.79,1.54,44.66,22.39
1594,18.94,26.01,1.45,47.03,21.26
1595,17.33,27.95,1.36,47.31,21.14
1596,19.89,29.04,1.23,50.68,19.73
1597,16.87,25.34,1.54,44.4,22.52
1598,18.44,25.81,1.43,46.32,21.59
1599,24.5,34.37,1.66,61.22,16.34
1600,21.62,26.55,1.13,49.96,20.02
1601,17.25,26.33,1.3,45.48,21.99
1602,17.46,28.34,1.78,48.28,20.71
1603,17.16,30.78,1.67,50.3,19.88
1604,22.28,26.65,1.7,51.33,19.48
1605,18.4,26.04,1.53,46.63,21.45
1606,19.85,26.32,1.6,48.42,20.65
1607,16.69,25.93,1.32,44.55,22.45
1608,18.98,24.97,1.36,45.93,21.77
1609,16.87,24.13,1.32,42.92,23.3
1610,18.55,24.95,2.35,46.61,21.46
1611,17.49,28.8,1.5,48.51,20.61
1612,19.32,26.89,1.62,48.52,20.61
1613,17.32,28.39,1.68,48.12,20.78
1614,20.4,29.42,1.63,52.28,19.13
1615,17.86,29.34,1.15,48.88,20.46
1616,17.65,28.63,1.04,47.82,20.91
1617,17.66,27.59,1.11,46.92,21.31
1618,16.66,27.41,1.42,46.1,21.69
1619,18.82,28.56,1.59,49.69,20.12
1620,18.81,27.62,1.32,48.4,20.66
1621,17.4,25.95,1.07,44.94,22.25
1622,16.89,25.9,1.33,44.72,22.36
1623,17.11,29.17,1.35,48.28,20.71
1624,19.61,30.78,1.42,52.39,19.09
1625,16.96,26.75,1.57,45.95,21.76
1626,17.01,26.16,1.67,45.57,21.95
1627,23.49,46.05,2.44,73.1,13.68
1628,28.24,48.36,2.66,80.41,12.44
1629,26.94,61.48,3.22,92.77,10.78
1630,36.87,39.31,2.43,79.65,12.56
1631,27.43,38.02,2.05,68.42,14.62
1632,41.4,40.82,2.32,85.51,11.69
1633,33.88,39.57,2.43,76.85,13.01
1634,29.38,39.42,2.45,72.23,13.85
1635,33.82,48.07,2.37,85.31,11.72
1636,32.77,42.09,2.53,78.39,12.76
1637,37.02,36.18,2.29,76.52,13.07
1638,33.45,39.89,2.54,79.12,12.64
1639,33.93,45.23,2.4,82.55,12.11
1640,35.39,37.17,2.81,76.59,13.06
1641,29.54,36.66,2.55,69.82,14.32
1642,32.91,38.42,3.28,75.78,13.2
1643,44.77,40.39,3.21,89.74,11.14
1644,31.8,43.89,2.34,79.18,12.63
1645,32.91,40.45,3.04,77.66,12.88
1646,38.24,43.83,3.02,86.32,11.58
1647,21.39,39.95,2.29,64.6,15.48
1648,26.7,39.29,2.75,69.97,14.29
1649,24.68,40.92,2.49,69.24,14.44
1650,20.96,26.19,1.37,49.22,20.31
1651,16.79,26.96,1.35,45.7,21.88
1652,21.23,41.17,1.72,64.87,15.42
1653,17.32,25.27,1.45,44.72,22.36
1654,18.86,25.74,1.58,46.87,21.34
1655,17.01,26.8,1.7,46.26,21.62
1656,19.74,27.5,1.7,49.7,20.12
1657,16.99,25.54,1.96,45.26,22.1
1658,18.13,28.22,1.72,48.88,20.46
1659,21.6,29.95,2.48,55.05,18.16
1660,18.27,27.85,1.91,48.87,20.46
1661,17.37,25.95,1.86,46.01,21.73
1662,17.18,26.51,1.73,46.15,21.67
1663,17.3,28.32,2.0,48.5,20.62
1664,22.22,28.07,2.02,53.17,18.81
1665,18.1,28.54,1.7,49.09,20.37
1666,18.62,29.22,1.7,50.19,19.92
1667,18.12,28.27,1.58,48.73,20.52
1668,20.98,26.54,1.92,50.29,19.89
1669,18.12,27.89,1.85,48.72,20.53
1670,18.73,26.39,1.72,47.58,21.02
1671,17.36,27.97,1.96,48.11,20.79
1672,29.01,34.15,2.66,69.58,14.37
1673,18.79,27.4,2.09,49.12,20.36
1674,19.52,26.77,2.25,49.54,20.18
1675,18.52,28.31,2.18,50.0,20.0
1676,20.25,27.78,1.82,50.66,19.74
1677,18.03,26.48,2.06,47.38,21.11
1678,18.84,25.34,1.82,46.76,21.39
1679,17.22,26.85,1.82,46.62,21.45
1680,22.48,26.44,1.93,51.58,19.39
1681,17.86,25.67,1.57,45.77,21.85
1682,18.93,26.39,1.28,47.33,21.13
1683,17.48,29.28,1.54,48.97,20.42
1684,18.1,27.85,1.34,47.87,20.89
1685,16.41,27.02,1.39,45.5,21.98
1686,20.5,28.12,1.48,50.78,19.69
1687,24.79,34.22,1.74,61.42,16.28
1688,18.99,31.32,1.43,52.33,19.11
1689,18.37,27.36,1.51,48.04,20.82
1690,20.25,26.36,1.39,48.65,20.56
1691,17.95,27.36,1.37,47.28,21.15
1692,19.81,29.2,1.96,51.79,19.31
1693,18.25,27.37,1.63,48.03,20.82
1694,24.16,27.08,1.75,53.75,18.6
1695,17.43,26.02,1.71,45.91,21.78
1696,18.8,26.32,1.71,47.66,20.98
1697,16.5,24.08,1.85,43.18,23.16
1698,18.55,24.95,1.89,46.27,21.61
1699,17.48,25.64,1.63,45.48,21.99
1700,24.51,26.65,1.84,53.73,18.61
1701,16.27,26.15,1.66,44.81,22.32
1702,19.87,25.3,1.67,47.63,20.99
1703,17.12,26.97,1.36,46.04,21.72
1704,17.14,24.35,1.21,43.28,23.1
1705,16.06,25.01,1.24,42.88,23.32
1706,17.4,24.87,1.25,44.09,22.68
1707,17.26,29.72,1.69,49.52,20.2
1708,19.18,34.86,1.82,56.66,17.65
1709,16.55,28.89,1.3,47.35,21.12
1710,17.14,25.4,1.27,44.49,22.48
1711,16.76,28.75,1.56,47.8,20.92
1712,17.83,27.52,1.4,47.36,21.12
1713,16.29,27.3,1.43,45.65,21.91
1714,19.18,27.17,1.47,48.41,20.65
1715,18.02,29.69,1.55,49.93,20.03
1716,19.77,44.42,1.77,66.67,15.0
1717,17.32,24.99,1.7,44.75,22.35
1718,17.13,26.34,1.51,45.65,21.91
1719,17.92,27.69,1.5,47.76,20.94
1720,18.43,27.58,1.61,48.28,20.71
1721,16.57,24.67,1.32,43.16,23.17
1722,18.21,26.75,1.34,47.05,21.25
1723,17.53,27.65,1.5,47.41,21.09
1724,18.56,27.98,1.89,49.24,20.31
1725,18.02,27.11,2.18,48.22,20.74
1726,19.17,27.1,1.91,48.92,20.44
1727,18.61,28.04,1.59,48.9,20.45
1728,20.32,27.75,1.84,50.66,19.74
1729,17.88,26.2,1.77,46.61,21.45
1730,18.82,27.36,1.91,48.83,20.48
1731,19.15,34.75,2.24,56.99,17.55
1732,20.28,26.95,1.77,49.76,20.1
1733,19.25,27.26,2.16,49.74,20.1
1734,19.05,27.31,2.11,49.49,20.21
1735,18.67,29.49,1.78,50.75,19.71
1736,18.85,28.52,1.54,49.6,20.16
1737,17.43,26.77,2.05,47.16,21.2
1738,17.78,25.85,1.47,45.78,21.84
1739,17.76,30.61,2.23,51.62,19.37
1740,20.43,28.96,1.59,51.71,19.34
1741,18.59,28.42,1.63,49.34,20.27
1742,17.76,28.14,1.91,48.7,20.53
1743,17.82,28.78,1.45,48.73,20.52
1744,20.01,29.77,1.74,52.27,19.13
1745,23.52,26.24,1.92,52.55,19.03
1746,17.99,27.71,2.44,49.17,20.34
1747,17.58,27.44,1.75,47.73,20.95
1748,20.1,31.39,1.6,53.76,18.6
1749,16.68,27.31,1.45,46.1,21.69
1750,17.58,27.22,1.68,47.23,21.17
1751,18.51,26.25,1.74,47.25,21.16
1752,18.67,26.5,1.74,47.87,20.89
1753,18.12,28.28,2.38,49.98,20.01
1754,19.66,29.87,2.18,52.67,18.98
1755,17.72,28.63,2.02,49.22,20.32
1756,23.66,28.9,2.4,55.91,17.89
1757,18.85,31.38,2.23,53.39,18.73
1758,20.01,26.86,2.12,49.83,20.07
1759,18.91,30.37,2.29,52.47,19.06
1760,18.96,26.47,2.23,48.56,20.59
1761,17.81,28.93,2.11,49.75,20.1
1762,22.01,27.97,1.66,52.53,19.04
1763,17.06,25.96,1.55,45.22,22.11
1764,19.13,26.58,1.5,47.88,20.88
1765,17.16,28.9,1.55,48.25,20.73
1766,17.71,27.33,1.26,46.89,21.33
1767,16.69,26.2,1.26,44.75,22.35
1768,18.93,27.36,1.38,48.24,20.73
1769,17.09,28.18,1.51,47.4,21.1
1770,17.54,27.51,1.78,47.59,21.01
1771,17.0,25.41,1.32,44.36,22.54
1772,28.67,25.9,1.46,56.7,17.64
1773,17.71,28.04,1.83,48.34,20.69
1774,19.03,27.18,1.75,48.7,20.54
1775,17.08,27.57,1.85,47.32,21.13
1776,21.15,26.39,1.81,50.12,19.95
1777,17.1,30.29,2.0,50.22,19.91
1778,18.55,28.45,1.76,49.52,20.2
1779,17.54,26.56,1.76,46.66,21.43
1780,20.57,28.36,1.98,51.72,19.34
1781,17.13,29.26,2.85,50.31,19.88
1782,18.34,29.98,1.66,50.67,19.74
1783,18.6,29.0,3.08,51.92,19.26
1784,18.51,28.07,1.75,49.11,20.36
1785,17.3,29.76,1.5,49.25,20.31
1786,24.75,40.0,2.71,68.52,14.59
1787,20.42,50.06,2.8,74.45,13.43
1788,26.42,45.4,2.71,75.49,13.25
1789,31.58,53.45,2.27,88.44,11.31
1790,32.41,50.8,2.6,86.99,11.5
1791,31.75,42.44,2.24,77.41,12.92
1792,34.92,40.17,2.29,78.36,12.76
1793,32.58,47.24,2.45,83.49,11.98
1794,36.78,47.87,2.89,88.67,11.28
1795,31.79,37.1,1.71,71.47,13.99
1796,32.7,39.79,2.39,75.96,13.17
1797,40.21,58.27,2.56,102.11,9.79
1798,21.48,38.44,1.84,62.64,15.96
1799,32.34,37.49,1.46,72.09,13.87
1800,20.5,41.12,1.64,64.04,15.62
1801,33.88,41.75,2.26,78.88,12.68
1802,17.46,46.32,2.78,68.48,14.6
1803,19.96,50.54,2.16,73.65,13.58
1804,17.71,41.52,2.57,62.87,15.91
1805,23.14,39.97,2.2,66.37,15.07
1806,28.55,42.54,3.16,77.61,12.89
1807,37.32,44.13,2.99,85.73,11.67
1808,26.19,43.66,3.49,74.82,13.36
1809,25.84,30.91,2.01,59.6,16.78
1810,18.48,28.33,1.69,49.25,20.31
1811,17.6,27.02,1.99,47.43,21.08
1812,17.55,30.02,1.8,50.07,19.97
1813,18.94,29.72,1.61,50.96,19.62
1814,17.24,30.42,2.13,52.25,19.14
1815,19.22,27.72,1.89,49.67,20.13
1816,17.49,27.67,1.4,47.17,21.2
1817,18.41,32.47,1.6,53.15,18.82
1818,19.12,32.06,1.67,53.6,18.66
1819,18.29,29.08,1.45,49.41,20.24
1820,17.3,28.31,1.71,48.06,20.81
1821,22.06,35.78,2.96,62.02,16.12
1822,19.87,31.83,2.24,54.84,18.23
1823,18.42,29.09,2.28,50.7,19.72
1824,17.73,28.04,2.08,48.72,20.53
1825,20.94,34.09,2.4,58.46,17.11
1826,20.03,31.62,2.61,55.32,18.08
1827,21.51,28.71,3.76,58.32,17.15
1828,18.19,29.83,2.24,51.26,19.51
1829,19.23,33.32,2.67,56.3,17.76
1830,18.92,29.39,2.41,51.79,19.31
1831,19.36,28.59,1.98,50.76,19.7
1832,17.84,29.41,1.56,49.55,20.18
1833,19.09,33.66,1.97,55.54,18.0
1834,19.13,31.99,2.55,54.73,18.27
1835,20.09,30.66,2.6,54.42,18.38
1836,18.69,28.91,2.07,50.49,19.8
1837,18.61,31.17,1.78,52.32,19.11
1838,19.41,28.68,3.19,52.63,19.0
1839,20.8,27.62,2.27,51.67,19.35
1840,18.16,27.41,3.18,49.83,20.07
1841,30.22,28.69,2.34,62.24,16.07
1842,18.26,29.37,2.33,50.92,19.64
1843,19.29,27.84,1.9,49.91,20.04
1844,17.92,30.74,2.03,51.63,19.37
1845,18.73,42.05,3.06,65.08,15.37
1846,18.28,27.79,2.28,49.32,20.28
1847,19.75,27.71,1.79,50.01,20.0
1848,16.9,25.6,1.87,45.19,22.13
1849,21.33,28.04,1.79,51.96,19.24
1850,18.15,27.53,2.14,48.8,20.49
1851,20.93,27.17,2.45,51.61,19.38
1852,17.78,27.15,2.46,48.46,20.64
1853,20.11,29.65,2.61,53.43,18.72
1854,18.4,30.33,4.39,54.98,18.19
1855,19.0,27.25,3.95,51.27,19.51
1856,18.03,27.23,2.21,48.38,20.67
1857,19.28,27.91,2.66,50.9,19.64
1858,18.28,27.67,1.95,48.72,20.52
1859,18.0,26.06,2.33,47.3,21.14
1860,17.74,25.15,2.11,45.95,21.76
1861,22.11,28.99,2.69,54.88,18.22
1862,19.11,27.75,2.33,50.17,19.93
1863,17.97,26.9,2.33,48.2,20.75
1864,17.65,26.39,2.45,47.58,21.02
1865,18.43,25.78,2.81,48.24,20.73
1866,19.44,30.16,2.73,53.47,18.7
1867,20.82,26.89,2.54,52.26,19.13
1868,17.38,33.7,3.49,56.05,17.84
1869,21.56,26.63,2.35,51.51,19.41
1870,19.84,27.71,3.26,52.1,19.19
1871,20.2,26.91,2.61,50.77,19.7
1872,17.8,25.7,2.3,46.78,21.38
1873,21.13,29.83,2.59,54.61,18.31
1874,18.71,28.08,2.07,49.78,20.09
1875,19.87,26.02,2.18,49.06,20.38
1876,17.79,25.76,2.27,46.8,21.37
1877,20.39,29.32,2.02,52.6,19.01
1878,18.06,26.88,1.73,47.43,21.08
1879,19.61,27.04,2.13,49.66,20.14
1880,17.33,25.52,2.05,45.76,21.85
1881,19.64,29.06,2.02,51.53,19.41
1882,17.83,35.4,3.56,58.27,17.16
1883,18.45,26.9,2.08,48.26,20.72
1884,18.34,26.32,1.73,47.15,21.21
1885,18.84,28.88,1.64,50.1,19.96
1886,17.46,27.36,1.7,47.27,21.16
1887,12.52,25.81,1.45,140.21,7.13
1888,17.18,30.71,1.57,50.22,19.91
1889,19.3,29.42,1.27,52.05,19.21
1890,17.42,27.83,1.44,47.37,21.11
1891,18.83,26.98,1.53,48.16,20.76
1892,17.76,26.51,1.49,46.43,21.54
1893,20.4,29.91,1.44,52.42,19.07
1894,17.57,26.34,1.22,45.71,21.88
1895,19.28,38.61,1.38,59.94,16.68
1896,16.99,27.71,1.57,46.97,21.29
1897,20.2,28.61,1.35,50.76,19.7
1898,17.27,27.13,1.21,46.19,21.65
1899,17.14,25.39,1.34,44.47,22.49
1900,16.9,27.06,2.0,46.68,21.42
1901,17.11,28.56,1.24,47.51,21.05
1902,18.35,25.82,1.04,45.74,21.86
1903,16.58,25.7,0.92,43.72,22.87
1904,16.74,25.99,1.23,44.53,22.46
1905,19.22,27.79,1.19,48.81,20.49
1906,17.6,26.5,1.06,45.68,21.89
1907,18.5,26.18,1.27,46.54,21.49
1908,16.65,25.5,1.03,43.72,22.87
1909,19.72,29.07,1.07,50.39,19.84
1910,31.49,26.38,1.05,59.46,16.82
1911,16.75,27.26,1.1,45.64,21.91
1912,16.4,25.78,1.08,43.92,22.77
1913,19.63,28.26,1.09,49.56,20.18
1914,17.43,30.1,1.08,49.12,20.36
1915,17.27,26.98,1.08,45.85,21.81
1916,18.0,27.79,1.08,47.41,21.09
1917,20.08,29.88,0.98,51.46,19.43
1918,17.03,26.79,0.99,45.34,22.05
1919,17.74,26.43,1.16,45.87,21.8
1920,16.11,26.34,1.11,44.06,22.7
1921,20.08,28.15,1.09,49.84,20.07
1922,16.97,25.73,1.02,44.26,22.6
1923,16.32,25.45,0.97,43.27,23.11
1924,19.22,26.31,1.64,48.02,20.82
1925,17.21,29.22,1.09,48.09,20.79
1926,18.19,25.93,1.28,46.01,21.73
1927,18.92,27.34,1.09,47.97,20.85
1928,17.61,26.63,1.1,45.89,21.79
1929,19.04,34.28,0.98,54.8,18.25
1930,16.78,27.72,0.82,45.78,21.84
1931,18.42,26.65,0.98,46.55,21.48
1932,15.95,25.55,0.84,42.75,23.39
1933,17.0,30.05,0.77,48.24,20.73
1934,16.59,27.49,0.95,45.53,21.97
1935,17.95,27.62,0.83,46.82,21.36
1936,16.58,28.11,0.86,46.01,21.73
1937,17.56,31.92,0.87,50.8,19.69
1938,16.59,27.96,0.82,45.89,21.79
1939,17.91,38.95,0.95,58.26,17.16
1940,16.2,26.87,0.81,44.37,22.54
1941,19.07,27.52,0.78,47.8,20.92
1942,16.14,28.89,0.84,46.31,21.6
1943,17.73,42.57,1.73,62.78,15.93
1944,21.3,47.42,1.43,70.93,14.1
1945,26.98,38.48,1.24,67.37,14.84
1946,18.43,45.7,1.34,66.12,15.12
1947,31.78,38.35,1.31,72.16,13.86
1948,16.47,41.8,1.62,60.67,16.48
1949,32.02,51.6,1.32,85.6,11.68
1950,32.09,46.14,1.43,80.4,12.44
1951,27.49,37.26,1.24,66.64,15.01
1952,29.58,40.55,1.29,72.09,13.87
1953,32.61,41.27,1.35,75.97,13.16
1954,34.9,37.2,1.27,74.08,13.5
1955,16.26,38.77,1.41,57.17,17.49
1956,31.85,37.9,1.24,71.68,13.95
1957,18.54,47.95,2.29,69.46,14.4
1958,38.91,41.82,1.31,82.8,12.08
1959,32.36,37.89,1.19,72.15,13.86
1960,29.02,53.06,1.27,84.01,11.9
1961,31.87,47.58,1.61,81.83,12.22
1962,18.1,38.36,1.31,58.43,17.11
1963,28.89,38.06,1.49,69.19,14.45
1964,19.75,45.06,1.12,67.42,14.83
1965,32.22,39.32,0.93,73.09,13.68
1966,21.1,43.45,1.08,66.26,15.09
1967,34.43,38.11,1.03,74.19,13.48
1968,18.53,26.33,0.64,45.9,21.79
1969,17.31,28.2,0.66,46.55,21.48
1970,18.0,27.45,0.74,46.56,21.48
1971,25.41,30.54,0.75,57.07,17.52
1972,19.63,30.59,0.82,51.44,19.44
1973,16.13,28.93,0.67,46.15,21.67
1974,19.76,29.7,0.86,50.72,19.72
1975,17.02,26.02,0.65,44.07,22.69
1976,18.64,27.48,0.66,47.12,21.22
1977,17.05,29.82,0.72,48.06,20.81
1978,19.87,27.76,0.75,48.73,20.52
1979,16.64,25.74,0.77,43.51,22.98
1980,17.82,26.82,0.81,45.85,21.81
1981,16.3,28.85,0.71,46.24,21.63
1982,18.95,29.99,0.71,50.03,19.99
1983,16.28,27.88,0.65,45.21,22.12
1984,21.96,25.86,0.77,48.96,20.43
1985,16.28,28.62,0.74,46.02,21.73
1986,20.18,28.59,0.81,49.97,20.01
1987,17.86,29.09,0.7,48.04,20.81
1988,21.51,27.99,0.71,50.57,19.77
1989,16.87,28.37,0.62,46.25,21.62
1990,16.42,26.49,0.62,43.91,22.77
1991,17.49,26.31,0.62,44.8,22.32
1992,19.31,28.19,0.64,48.54,20.6
1993,16.52,28.05,0.65,45.6,21.93
1994,17.69,27.68,0.68,46.4,21.55
1995,16.3,25.75,0.62,43.03,23.24
1996,17.85,27.49,0.92,46.97,21.29
1997,15.6,25.76,0.68,42.38,23.6
1998,15.94,31.51,0.66,48.5,20.62
1999,16.5,28.48,0.74,46.1,21.69
2000,18.1,35.9,1.04,55.69,17.96
2001,16.77,27.23,0.69,45.15,22.15
2002,16.55,27.07,0.78,44.76,22.34
2003,16.36,52.15,0.76,69.66,14.36
2004,17.06,32.07,0.71,50.22,19.91
2005,17.17,26.54,0.62,44.76,22.34
2006,17.61,25.59,0.65,44.21,22.62
2007,16.84,31.12,0.69,49.02,20.4
2008,17.45,29.26,0.69,47.76,20.94
2009,16.44,26.07,0.63,43.5,22.99
2010,16.65,28.48,0.65,46.16,21.66
2011,17.63,29.51,0.66,48.17,20.76
2012,17.91,29.05,0.66,47.98,20.84
2013,16.38,25.88,0.67,43.33,23.08
2014,15.34,28.3,0.29,44.44,22.5
2015,15.59,28.38,0.26,44.47,22.49
2016,18.0,29.95,0.24,48.42,20.65
2017,14.89,25.36,0.21,40.69,24.57
2018,15.44,24.22,0.21,40.09,24.94
2019,14.54,27.43,0.24,42.46,23.55
2020,16.78,29.94,0.24,47.18,21.19
2021,14.99,24.85,0.21,40.3,24.82
2022,16.92,26.26,0.64,44.19,22.63
2023,16.37,28.9,0.66,46.3,21.6
2024,20.06,28.79,0.85,50.06,19.98
2025,16.69,25.31,0.63,42.99,23.26
2026,14.87,24.45,0.21,39.76,25.15
2027,16.08,28.3,0.66,45.38,22.04
2028,19.66,29.89,0.66,50.67,19.74
2029,17.02,26.86,0.71,44.99,22.23
2030,16.89,28.16,0.22,45.53,21.96
2031,15.34,27.03,0.22,42.83,23.35
2032,17.34,27.76,0.61,46.06,21.71
2033,16.45,25.41,0.55,42.76,23.39
2034,16.22,26.28,0.59,43.45,23.02
2035,16.14,27.44,0.54,44.45,22.49
2036,17.98,27.26,0.62,46.2,21.65
2037,16.4,25.23,0.58,42.6,23.48
2038,16.94,25.54,0.58,43.42,23.03
2039,15.77,27.43,0.61,44.18,22.63
2040,16.49,23.75,0.22,40.7,24.57
2041,14.95,24.04,0.2,39.43,25.36
2042,15.62,24.42,0.19,40.44,24.73
2043,14.42,25.68,0.2,40.55,24.66
2044,19.77,26.47,0.2,46.67,21.43
2045,15.06,31.27,0.29,47.08,21.24
2046,15.72,25.37,0.21,41.55,24.07
2047,15.67,26.84,0.2,42.92,23.3
2048,15.3,26.12,0.22,41.87,23.88
2049,15.31,25.96,0.19,41.7,23.98
2050,16.48,27.43,0.2,44.35,22.55
2051,14.54,26.76,0.21,41.75,23.95
2052,17.9,26.22,0.2,44.53,22.46
2053,15.3,24.39,0.2,40.13,24.92
2054,15.77,24.89,0.22,41.11,24.32
2055,14.67,27.33,0.21,42.46,23.55
2056,17.09,24.78,0.23,42.39,23.59
2057,14.9,23.48,0.19,38.78,25.79
2058,15.44,24.83,0.19,40.67,24.59
2059,14.58,26.85,0.22,41.92,23.85
2060,21.4,28.75,0.7,51.25,19.51
2061,29.78,25.1,0.64,55.85,17.9
2062,17.25,25.69,0.68,43.98,22.74
2063,15.81,27.9,0.64,44.7,22.37
2064,16.98,26.64,0.21,44.08,22.69
2065,16.35,25.48,0.59,42.77,23.38
2066,17.32,26.13,0.68,44.49,22.48
2067,15.83,27.84,0.68,44.72,22.36
2068,20.01,27.29,0.64,48.3,20.71
2069,14.91,24.7,0.19,40.03,24.98
2070,16.34,26.38,0.56,43.62,22.92
2071,17.24,30.26,0.58,48.42,20.65
2072,20.04,32.24,0.59,53.23,18.79
2073,16.64,26.56,0.66,44.23,22.61
2074,17.74,28.81,0.64,47.56,21.02
2075,16.7,30.12,0.57,47.74,20.95
2076,19.27,27.83,0.62,48.08,20.8
2077,16.18,26.04,0.56,43.12,23.19
2078,17.68,26.25,0.57,44.84,22.3
2079,14.29,27.6,0.19,42.31,23.63
2080,17.73,28.6,0.58,47.28,21.15
2081,15.73,26.72,0.2,42.89,23.32
2082,17.39,25.58,0.2,43.41,23.04
2083,16.73,28.68,0.6,46.35,21.57
2084,17.21,26.7,0.19,44.31,22.57
2085,16.32,24.4,0.86,42.0,23.81
2086,16.87,26.99,0.56,44.76,22.34
2087,15.63,27.54,0.6,44.14,22.65
2088,19.32,30.8,0.62,51.11,19.56
2089,17.06,28.19,0.64,46.25,21.62
2090,18.64,31.7,0.33,51.23,19.52
2091,14.48,27.32,0.22,42.26,23.66
2092,15.22,26.18,0.21,41.85,23.89
2093,14.8,24.63,0.25,39.95,25.03
2094,16.54,25.78,0.63,43.4,23.04
2095,15.65,28.67,0.67,45.34,22.06
2096,17.19,27.76,0.58,45.95,21.76
2097,16.01,24.72,0.57,41.7,23.98
2098,17.91,26.83,0.74,45.85,21.81
2099,15.83,28.24,0.69,45.1,22.17
2100,17.79,28.01,0.76,47.02,21.27
2101,15.95,24.76,0.59,41.67,24.0
2102,16.24,25.88,0.7,43.22,23.14
2103,16.45,30.22,0.96,48.19,20.75
2104,19.13,31.03,0.95,51.54,19.4
2105,17.08,33.92,1.43,53.2,18.8
2106,19.04,26.34,0.91,46.75,21.39
2107,15.69,28.11,0.58,44.85,22.3
2108,17.21,27.28,0.61,45.45,22.0
2109,16.27,25.14,0.62,42.39,23.59
2110,16.59,26.62,0.57,44.14,22.65
2111,16.02,27.14,0.62,44.15,22.65
2112,27.23,38.27,1.08,67.21,14.88
2113,30.56,36.54,1.28,69.07,14.48
2114,30.98,36.06,1.02,68.68,14.56
2115,30.62,50.58,0.97,82.7,12.09
2116,34.25,47.41,1.33,83.65,11.95
2117,35.73,39.02,1.05,76.44,13.08
2118,34.93,36.16,0.88,72.48,13.8
2119,31.43,47.85,0.88,80.67,12.4
2120,30.93,40.36,0.82,72.63,13.77
2121,27.85,36.69,0.32,65.3,15.31
2122,35.87,38.28,1.26,76.11,13.14
2123,28.78,45.88,0.34,75.49,13.25
2124,33.79,45.85,1.02,81.32,12.3
2125,32.05,37.94,0.91,71.47,13.99
2126,34.05,45.31,1.95,81.88,12.21
2127,36.14,44.85,0.98,82.66,12.1
2128,26.42,45.93,2.21,75.27,13.29
2129,20.15,41.23,0.34,62.21,16.07
2130,17.0,41.09,0.37,58.97,16.96
2131,26.09,36.53,0.36,63.45,15.76
2132,35.42,39.05,0.35,75.3,13.28
2133,20.52,43.53,0.34,64.9,15.41
2134,15.66,38.37,0.31,54.77,18.26
2135,24.92,35.46,0.36,61.28,16.32
2136,33.12,42.17,0.35,76.12,13.14
2137,15.45,26.68,0.24,42.61,23.47
2138,16.36,26.11,0.22,42.95,23.28
2139,17.72,28.68,0.21,46.84,21.35
2140,15.65,26.22,0.19,42.27,23.66
2141,16.55,25.52,0.2,42.5,23.53
2142,15.56,23.45,0.23,39.48,25.33
2143,18.09,25.75,0.21,44.27,22.59
2144,14.82,24.24,0.21,39.52,25.31
2145,17.38,23.17,0.21,41.02,24.38
2146,15.07,24.48,0.21,40.0,25.0
2147,19.6,28.6,0.24,48.68,20.54
2148,14.99,24.22,0.22,39.67,25.21
2149,16.42,22.62,0.2,39.48,25.33
2150,14.99,23.2,0.22,38.65,25.87
2151,16.25,27.87,0.23,44.6,22.42
2152,14.92,27.35,0.28,42.95,23.28
2153,15.25,24.75,0.22,40.47,24.71
2154,16.79,23.94,0.23,41.22,24.26
2155,18.89,27.54,0.21,46.87,21.34
2156,16.62,26.27,0.67,43.93,22.76
2157,18.13,26.77,0.25,45.4,22.02
2158,15.81,26.29,0.23,42.57,23.49
2159,17.02,29.03,0.22,46.52,21.49
2160,17.31,25.4,0.7,43.78,22.84
2161,17.09,25.03,0.3,42.87,23.33
2162,15.35,25.37,0.22,41.16,24.29
2163,14.98,28.48,0.26,43.98,22.74
2164,16.09,27.26,0.24,43.83,22.81
2165,16.38,25.24,0.23,42.09,23.76
2166,15.82,25.64,0.22,41.93,23.85
2167,17.53,28.41,0.24,46.42,21.54
2168,22.11,26.44,0.26,49.08,20.38
2169,16.88,26.18,0.24,43.54,22.97
2170,17.21,24.74,0.66,43.0,23.25
2171,19.08,28.84,0.68,48.94,20.43
2172,17.52,25.65,0.95,44.58,22.43
2173,17.62,25.06,0.77,43.84,22.81
2174,16.03,25.2,0.73,42.41,23.58
2175,19.45,30.78,0.98,51.69,19.35
2176,18.12,28.52,0.9,47.99,20.84
2177,17.6,25.8,0.71,44.48,22.48
2178,16.8,25.74,0.9,43.92,22.77
2179,18.79,26.78,0.62,46.54,21.49
2180,16.88,27.31,0.9,45.56,21.95
2181,17.87,27.31,1.5,47.44,21.08
2182,16.28,30.82,1.55,49.4,20.24
2183,16.48,28.75,0.65,46.22,21.64
2184,16.65,26.0,0.68,43.73,22.87
2185,18.84,26.82,1.07,47.23,21.17
2186,17.38,25.38,0.94,44.12,22.67
2187,18.04,29.78,0.89,49.16,20.34
2188,18.24,27.84,0.96,47.52,21.05
2189,17.65,28.32,1.0,47.43,21.09
2190,16.35,27.26,0.78,44.75,22.34
2191,16.97,28.8,0.78,46.91,21.32
2192,16.67,26.57,0.64,44.26,22.59
2193,17.94,26.01,0.65,44.99,22.23
2194,16.87,26.82,0.7,44.76,22.34
2195,19.94,28.75,0.64,49.74,20.1
2196,16.61,25.89,0.69,43.56,22.96
2197,16.54,39.04,1.08,57.24,17.47
2198,16.26,25.65,0.65,42.96,23.28
2199,22.43,28.7,0.66,52.17,19.17
2200,17.33,28.16,0.98,46.99,21.28
2201,16.6,24.0,0.7,41.77,23.94
2202,16.44,23.41,0.71,40.96,24.41
2203,18.05,31.44,0.75,50.6,19.76
2204,17.01,26.09,0.91,44.44,22.5
2205,18.14,26.38,0.67,45.6,21.93
2206,16.87,27.27,0.93,45.53,21.96
2207,17.09,27.6,0.91,46.06,21.71
2208,16.81,26.75,0.87,44.89,22.28
2209,18.3,26.35,0.93,46.0,21.74
2210,17.19,25.39,0.95,43.95,22.75
2211,16.16,27.46,0.65,44.64,22.4
2212,16.85,39.29,1.49,58.19,17.19
2213,17.05,24.75,0.59,42.76,23.38
2214,17.68,25.77,0.58,44.42,22.51
2215,20.95,27.05,0.87,49.39,20.25
2216,17.56,28.02,0.63,46.59,21.46
2217,18.53,27.68,0.68,47.23,21.17
2218,16.2,24.53,0.6,41.7,23.98
2219,16.56,30.6,0.72,48.28,20.71
2220,16.59,26.86,0.56,44.37,22.54
2221,17.91,26.74,0.63,45.76,21.85
2222,17.04,24.26,0.61,42.27,23.66
2223,19.19,27.86,0.98,48.56,20.59
2224,16.02,26.38,0.72,43.49,23.0
2225,17.41,27.62,0.85,46.31,21.6
2226,16.21,23.83,0.73,41.16,24.29
2227,18.21,35.77,1.01,55.59,17.99
2228,16.35,24.93,0.58,42.2,23.7
2229,18.5,30.21,1.0,50.21,19.92
2230,16.02,24.96,0.56,41.9,23.87
2231,20.3,31.44,0.86,53.02,18.86
2232,16.53,26.15,0.88,44.0,22.73
2233,16.86,25.49,0.92,43.86,22.8
2234,18.57,26.63,1.17,46.93,21.31
2235,19.0,31.14,0.79,51.35,19.47
2236,17.86,26.2,0.83,45.31,22.07
2237,18.31,26.25,0.87,45.89,21.79
2238,17.56,25.61,0.57,44.2,22.62
2239,18.52,30.27,1.16,50.49,19.81
2240,16.75,26.38,1.03,44.69,22.38
2241,18.34,27.56,0.9,47.23,21.17
2242,16.52,36.52,0.89,54.43,18.37
2243,17.68,29.3,0.9,48.33,20.69
2244,18.66,25.55,0.87,45.52,21.97
2245,17.66,26.51,1.18,45.89,21.79
2246,16.75,25.56,1.02,43.85,22.81
2247,18.7,27.78,1.08,48.08,20.8
2248,15.63,32.02,1.17,49.37,20.25
2249,16.9,29.39,1.05,47.95,20.86
2250,17.28,27.16,1.0,45.94,21.77
2251,17.95,26.79,1.07,46.32,21.59
2252,16.14,24.65,0.84,42.09,23.76
2253,19.2,31.27,1.18,52.18,19.16
2254,16.98,27.38,1.04,45.95,21.76
2255,18.52,27.19,1.15,47.48,21.06
2256,17.32,25.69,1.27,44.88,22.28
2257,21.08,38.96,1.94,62.82,15.92
2258,19.39,28.02,1.12,49.06,20.38
2259,18.54,27.68,1.2,48.03,20.82
2260,17.38,26.37,0.84,45.03,22.21
2261,18.62,30.77,1.03,50.85,19.66
2262,17.96,30.27,1.37,50.26,19.9
2263,17.04,26.85,0.97,45.41,22.02
2264,17.82,27.38,0.92,46.57,21.47
2265,19.97,30.65,1.02,52.2,19.16
2266,17.59,25.79,0.83,44.63,22.4
2267,17.49,26.3,1.07,45.42,22.02
2268,17.46,24.91,0.83,43.63,22.92
2269,18.15,29.98,0.81,49.42,20.23
2270,16.93,35.34,1.42,54.45,18.36
2271,21.31,27.51,1.17,50.61,19.76
2272,16.88,26.85,0.84,45.0,22.22
2273,20.5,31.1,0.92,53.05,18.85
2274,16.58,28.2,0.97,46.3,21.6
2275,26.46,26.17,0.78,53.85,18.57
2276,16.78,27.05,0.84,45.11,22.17
2277,17.23,28.98,0.88,47.53,21.04
2278,16.72,28.56,0.9,46.65,21.44
2279,20.01,26.4,1.34,48.44,20.64
2280,19.26,46.7,1.44,68.18,14.67
2281,31.07,39.06,0.96,71.61,13.96
2282,32.59,38.3,1.26,72.81,13.74
2283,41.23,39.33,1.26,82.51,12.12
2284,16.6,37.77,1.16,56.24,17.78
2285,35.73,34.58,0.9,71.78,13.93
2286,20.35,37.72,1.23,59.95,16.68
2287,32.26,34.48,0.89,68.22,14.66
2288,15.16,37.67,0.8,54.18,18.46
2289,31.54,41.98,1.29,75.48,13.25
2290,28.62,38.44,0.97,68.62,14.57
2291,17.1,34.01,0.84,52.52,19.04
2292,29.12,34.31,0.93,64.95,15.4
2293,30.71,46.03,0.93,78.23,12.78
2294,31.56,37.84,0.93,70.95,14.1
2295,30.38,37.53,0.29,68.57,14.58
2296,33.81,36.35,0.89,71.59,13.97
2297,34.74,43.0,1.04,79.41,12.59
2298,24.25,44.89,0.35,70.03,14.28
2299,32.55,38.08,1.25,72.56,13.78
2300,31.28,36.47,1.0,69.35,14.42
2301,38.91,45.38,0.97,85.86,11.65
2302,41.06,51.03,1.1,93.84,10.66
2303,26.56,61.26,1.14,89.67,11.15
2304,21.32,27.04,0.7,49.5,20.2
2305,16.44,28.67,0.73,46.19,21.65
2306,17.08,28.92,0.73,47.1,21.23
2307,18.47,28.26,0.72,47.83,20.91
2308,20.19,26.88,0.94,48.44,20.64
2309,17.18,29.99,0.66,48.21,20.74
2310,17.72,28.0,0.66,46.73,21.4
2311,16.71,25.91,0.67,43.7,22.88
2312,18.35,26.61,0.64,46.04,21.72
2313,16.38,27.79,0.73,45.25,22.1
2314,18.26,29.3,0.71,48.63,20.56
2315,19.64,28.04,0.65,48.73,20.52
2316,19.91,28.92,0.65,49.86,20.05
2317,16.75,42.61,1.16,61.08,16.37
2318,18.48,30.75,0.78,50.41,19.84
2319,17.38,26.16,1.16,45.25,22.1
2320,19.88,24.56,1.01,45.88,21.8
2321,16.64,29.93,1.18,48.31,20.7
2322,17.64,27.38,0.69,46.1,21.69
2323,17.64,25.94,0.7,44.67,22.39
2324,18.45,26.37,1.04,46.36,21.57
2325,16.56,27.31,0.94,45.24,22.1
2326,17.85,26.93,1.22,46.54,21.49
2327,16.75,26.78,1.12,45.2,22.12
2328,21.84,34.13,1.39,58.09,17.22
2329,17.16,27.92,0.75,46.21,21.64
2330,16.66,29.94,0.71,47.69,20.97
2331,18.86,27.43,1.64,48.78,20.5
2332,22.16,33.13,1.24,57.23,17.47
2333,16.31,26.71,0.89,44.38,22.53
2334,19.11,29.41,0.99,49.99,20.0
2335,18.32,26.92,0.94,46.69,21.42
2336,23.76,25.18,0.84,50.24,19.9
2337,16.54,28.79,0.7,46.39,21.56
2338,17.0,25.07,0.68,43.09,23.21
2339,17.26,25.61,0.92,44.22,22.61
2340,20.38,25.24,0.69,46.73,21.4
2341,16.92,28.51,0.68,46.44,21.53
2342,23.25,27.2,0.99,52.02,19.22
2343,17.05,25.91,1.11,44.59,22.43
2344,20.19,27.5,1.45,49.83,20.07
2345,16.57,28.24,1.1,46.43,21.54
2346,34.08,28.05,0.9,63.44,15.76
2347,16.84,26.12,0.88,44.26,22.59
2348,19.38,25.87,0.87,46.54,21.49
2349,16.28,28.04,0.93,45.67,21.9
2350,18.88,28.6,0.57,48.42,20.65
2351,16.71,28.49,0.96,46.72,21.4
2352,16.36,27.24,0.65,44.65,22.4
2353,17.18,27.4,0.57,45.52,21.97
2354,21.04,26.37,0.64,48.41,20.66
2355,17.19,25.95,0.59,44.11,22.67
2356,17.41,26.65,0.58,45.01,22.22
2357,23.56,27.85,0.63,52.4,19.08
2358,19.58,27.73,0.7,48.43,20.65
2359,16.41,28.45,0.7,45.97,21.75
2360,21.08,41.75,0.66,63.95,15.64
2361,16.05,26.89,0.75,44.09,22.68
2362,16.67,27.8,0.91,45.81,21.83
2363,16.94,25.05,0.86,43.27,23.11
2364,17.5,25.04,1.06,44.12,22.67
2365,16.05,28.59,0.88,46.07,21.71
2366,16.37,25.75,0.77,43.31,23.09
2367,17.3,24.16,0.95,42.93,23.29
2368,18.08,24.44,0.81,43.79,22.84
2369,16.17,27.24,0.83,44.68,22.38
2370,20.88,26.52,1.47,49.55,20.18
2371,16.52,26.22,1.07,44.35,22.55
2372,22.19,27.14,1.21,51.18,19.54
2373,17.48,27.56,1.04,46.61,21.46
2374,19.89,27.17,1.28,49.01,20.41
2375,17.14,36.95,1.86,56.65,17.65
2376,19.95,26.79,1.69,49.21,20.32
2377,18.97,29.78,1.32,50.76,19.7
2378,19.93,26.92,1.57,49.17,20.34
2379,17.33,25.73,1.43,45.16,22.14
2380,18.32,24.82,1.73,45.67,21.9
2381,16.6,26.45,1.25,44.88,22.28
2382,18.34,26.74,1.6,47.39,21.1
2383,16.9,24.78,1.49,43.84,22.81
2384,19.27,34.93,2.61,58.08,17.22
2385,18.13,28.58,1.75,49.19,20.33
2386,17.21,26.16,1.44,45.48,21.99
2387,17.72,25.37,1.84,45.75,21.86
2388,22.8,27.92,1.52,52.9,18.9
2389,16.83,27.72,1.29,46.42,21.54
2390,19.87,26.26,1.33,48.13,20.77
2391,17.46,25.82,1.45,45.39,22.03
2392,18.7,25.47,1.5,46.34,21.58
2393,17.31,27.64,1.71,47.32,21.13
2394,18.12,25.87,1.7,46.47,21.52
2395,17.11,26.33,1.57,45.68,21.89
2396,18.79,25.56,1.6,46.67,21.43
2397,16.55,27.16,1.29,45.59,21.93
2398,17.45,26.28,1.1,45.34,22.05
2399,17.06,27.62,1.62,47.09,21.24
2400,19.21,29.07,1.58,50.54,19.78
2401,18.52,27.5,1.94,48.8,20.49
2402,19.89,28.05,2.66,51.71,19.34
2403,17.88,28.08,1.78,48.5,20.62
2404,24.61,31.86,2.0,59.38,16.84
2405,17.09,36.83,1.67,56.36,17.74
2406,18.19,31.05,2.65,52.96,18.88
2407,19.32,25.45,1.73,47.24,21.17
2408,18.85,26.26,1.64,47.5,21.05
2409,17.02,27.43,2.02,47.22,21.18
2410,18.04,27.9,1.68,48.43,20.65
2411,18.06,25.97,1.49,46.21,21.64
2412,19.75,27.46,2.18,50.49,19.81
2413,18.09,27.1,1.27,47.05,21.26
2414,17.83,28.25,1.29,48.0,20.83
2415,16.85,25.42,1.27,44.13,22.66
2416,20.86,26.1,1.02,48.49,20.62
2417,16.27,25.86,1.31,44.01,22.72
2418,16.63,32.86,2.18,52.69,18.98
2419,16.39,25.9,1.18,44.09,22.68
2420,19.13,25.81,1.07,46.51,21.5
2421,16.67,27.5,1.53,46.45,21.53
2422,19.26,25.78,1.22,46.82,21.36
2423,16.58,25.39,0.98,43.5,22.99
2424,19.4,25.23,1.18,46.39,21.55
2425,16.21,26.53,1.2,44.52,22.46
2426,20.58,25.19,1.22,47.56,21.02
2427,17.06,24.16,1.2,43.01,23.25
2428,21.09,25.16,1.21,48.06,20.81
2429,16.43,26.59,1.22,44.79,22.32
2430,18.33,24.11,0.58,43.37,23.06
2431,16.82,26.21,1.12,44.68,22.38
2432,17.19,24.61,0.73,42.97,23.27
2433,15.84,38.23,0.99,55.67,17.96
2434,16.72,24.46,0.53,42.05,23.78
2435,16.36,25.41,1.01,43.3,23.09
2436,16.43,25.11,1.1,43.15,23.17
2437,16.54,26.95,0.98,44.97,22.24
2438,20.86,26.25,1.68,49.49,20.21
2439,15.67,23.35,0.61,39.98,25.01
2440,16.35,23.81,0.61,41.12,24.32
2441,15.39,27.59,0.23,43.42,23.03
2442,15.78,26.83,0.26,43.12,23.19
2443,15.96,23.62,0.61,40.54,24.67
2444,20.65,24.51,0.63,46.15,21.67
2445,21.46,39.34,0.94,62.37,16.03
2446,18.54,35.99,0.36,55.38,18.06
2447,31.41,38.68,1.07,71.83,13.92
2448,37.91,35.54,0.84,74.84,13.36
2449,30.7,36.7,0.85,68.79,14.54
2450,31.03,37.68,0.3,69.44,14.4
2451,32.61,33.06,1.21,67.53,14.81
2452,29.75,34.34,0.93,65.57,15.25
2453,33.55,41.1,0.9,76.1,13.14
2454,33.79,40.84,1.26,76.54,13.06
2455,31.54,38.44,1.23,71.91,13.91
2456,19.45,35.97,1.21,57.31,17.45
2457,32.47,45.76,1.2,80.13,12.48
2458,30.07,39.96,2.44,73.29,13.64
2459,32.08,36.76,0.86,70.21,14.24
2460,33.04,36.46,1.19,71.38,14.01
2461,29.94,47.37,1.46,79.52,12.58
2462,40.79,40.67,1.33,83.46,11.98
2463,23.28,40.68,1.28,65.89,15.18
2464,27.64,36.75,1.65,66.89,14.95
2465,27.42,43.4,1.39,72.97,13.7
2466,23.67,45.98,1.08,71.39,14.01
2467,34.11,45.47,1.66,81.94,12.2
2468,37.61,38.46,1.65,78.45,12.75
2469,37.1,26.55,0.93,65.02,15.38
2470,16.7,25.95,0.92,44.03,22.71
2471,18.19,26.09,0.88,45.58,21.94
2472,16.22,26.22,0.65,43.45,23.02
2473,17.52,27.82,0.97,46.73,21.4
2474,16.25,25.11,0.59,42.34,23.62
2475,19.89,28.5,0.91,49.76,20.1
2476,17.81,24.76,0.88,43.88,22.79
2477,17.98,27.63,0.98,47.01,21.27
2478,16.48,26.17,0.92,44.02,22.72
2479,19.7,26.36,1.01,47.57,21.02
2480,17.39,23.7,0.83,42.36,23.61
2481,17.76,39.32,1.97,60.05,16.65
2482,16.89,26.69,0.88,44.93,22.26
2483,18.0,26.04,1.13,45.89,21.79
2484,17.82,24.42,0.91,43.58,22.95
2485,17.09,29.57,0.85,47.96,20.85
2486,17.69,27.0,0.9,46.01,21.73
2487,18.79,26.38,1.08,46.76,21.38
2488,17.89,25.53,0.91,44.8,22.32
2489,18.37,29.16,0.91,48.85,20.47
2490,16.64,27.19,0.89,45.15,22.15
2491,17.99,27.23,0.92,46.56,21.48
2492,17.03,26.86,0.89,45.2,22.13
2493,16.63,29.69,1.08,47.95,20.85
2494,16.76,25.08,0.88,43.17,23.16
2495,18.2,26.86,0.99,46.51,21.5
2496,20.72,33.36,0.97,55.48,18.03
2497,17.38,23.67,0.79,42.26,23.66
2498,16.0,28.44,1.15,46.14,21.67
2499,17.46,26.6,1.09,45.72,21.87
2500,17.15,25.93,0.83,44.34,22.55
2501,17.31,25.33,0.98,44.04,22.7
2502,16.74,24.31,1.17,42.78,23.38
2503,19.18,27.29,0.76,47.67,20.98
2504,16.33,25.2,0.77,42.74,23.4
2505,20.23,24.08,0.72,45.44,22.01
2506,17.7,24.89,0.83,43.87,22.79
2507,19.74,27.25,0.53,47.85,20.9
2508,18.54,25.13,1.05,45.25,22.1
2509,17.33,24.78,0.57,43.07,23.22
2510,16.25,24.47,0.52,41.6,24.04
2511,16.23,37.68,0.7,55.35,18.07
2512,17.48,28.77,0.67,47.33,21.13
2513,18.39,25.72,0.81,45.35,22.05
2514,11.6,25.67,0.74,38.39,26.05
2515,17.82,25.32,0.65,44.16,22.65
2516,13.22,24.62,0.68,38.87,25.73
